ID,Team,Games,Event,Medal
4,Denmark/Sweden,1900 Summer,Tug-Of-War Mens Tug-Of-War,Gold
15,Finland,1920 Summer,Swimming Mens 200 metres Breaststroke,Bronze
15,Finland,1920 Summer,Swimming Mens 400 metres Breaststroke,Bronze
16,Finland,2014 Winter,Ice Hockey Mens Ice Hockey,Bronze
17,Finland,1948 Summer,Gymnastics Mens Individual All-Around,Bronze
17,Finland,1948 Summer,Gymnastics Mens Team All-Around,Gold
17,Finland,1948 Summer,Gymnastics Mens Horse Vault,Gold
17,Finland,1948 Summer,Gymnastics Mens Pommelled Horse,Gold
17,Finland,1952 Summer,Gymnastics Mens Team All-Around,Bronze
20,Norway,1992 Winter,Alpine Skiing Mens Super G,Gold
20,Norway,1992 Winter,Alpine Skiing Mens Giant Slalom,Bronze
20,Norway,1994 Winter,Alpine Skiing Mens Downhill,Silver
20,Norway,1994 Winter,Alpine Skiing Mens Super G,Bronze
20,Norway,1994 Winter,Alpine Skiing Mens Combined,Silver
20,Norway,2002 Winter,Alpine Skiing Mens Super G,Gold
20,Norway,2002 Winter,Alpine Skiing Mens Combined,Gold
20,Norway,2006 Winter,Alpine Skiing Mens Super G,Gold
21,Norway,2008 Summer,Handball Womens Handball,Gold
25,Norway,1920 Summer,Gymnastics Mens Team All-Around Free System,Silver
29,Netherlands,1988 Summer,Hockey Womens Hockey,Bronze
30,Netherlands,1996 Summer,Rowing Mens Lightweight Double Sculls,Silver
37,Norway,1996 Summer,Football Womens Football,Bronze
38,Norway,1920 Summer,Gymnastics Mens Team All-Around Free System,Silver
40,Norway,1952 Winter,Speed Skating Mens 1500 metres,Bronze
40,Norway,1960 Winter,Speed Skating Mens 1500 metres,Gold
56,France,1956 Summer,Cycling Mens Road Race Team,Gold
62,Italy,2016 Summer,Rowing Mens Coxless Pairs,Bronze
63,Spain,2008 Summer,Fencing Mens epee Individual,Bronze
65,Azerbaijan,2016 Summer,Taekwondo Womens Flyweight,Bronze
67,Russia,2008 Summer,Athletics Womens Javelin Throw,Silver
72,Belarus,2008 Summer,Canoeing Mens Kayak Fours 1000 metres,Gold
73,France,2008 Summer,Handball Mens Handball,Gold
73,France,2012 Summer,Handball Mens Handball,Gold
73,France,2016 Summer,Handball Mens Handball,Silver
76,Cameroon,2000 Summer,Football Mens Football,Gold
80,Spain,1996 Summer,Water Polo Mens Water Polo,Gold
84,United States,2004 Summer,Wrestling Mens Featherweight Freestyle,Silver
86,Spain,1984 Summer,Athletics Mens 1500 metres,Bronze
90,Russia,2004 Summer,Cycling Womens Sprint,Silver
93,France,2008 Summer,Handball Mens Handball,Gold
99,Hungary,1992 Summer,Fencing Mens Sabre Team,Silver
100,Hungary,1936 Summer,Swimming Mens 4 x 200 metres Freestyle Relay,Bronze
103,Italy,1936 Summer,Modern Pentathlon Mens Individual,Bronze
106,Italy,1988 Summer,Rowing Mens Quadruple Sculls,Gold
106,Italy,1996 Summer,Rowing Mens Double Sculls,Gold
106,Italy,2000 Summer,Rowing Mens Quadruple Sculls,Gold
107,Italy,1984 Summer,Rowing Mens Coxed Pairs,Gold
107,Italy,1988 Summer,Rowing Mens Coxed Pairs,Gold
107,Italy,1992 Summer,Rowing Mens Coxed Pairs,Silver
108,Italy,1984 Summer,Rowing Mens Coxed Pairs,Gold
108,Italy,1988 Summer,Rowing Mens Coxed Pairs,Gold
108,Italy,1992 Summer,Rowing Mens Coxed Pairs,Silver
139,Thessalonki-1,1906 Summer,Football Mens Football,Bronze
143,Australia,2008 Summer,Hockey Mens Hockey,Bronze
145,United States,2014 Winter,Figure Skating Mixed Team,Bronze
150,United States,1900 Summer,Golf Womens Individual,Gold
153,United States,2008 Summer,Softball Womens Softball,Silver
165,United States,2004 Summer,Taekwondo Womens Featherweight,Silver
250,Iran,2016 Summer,Wrestling Mens Middleweight Greco-Roman,Bronze
259,Canada,1984 Summer,Swimming Womens 4 x 100 metres Medley Relay,Bronze
297,Pakistan,1960 Summer,Hockey Mens Hockey,Gold
298,Pakistan,1964 Summer,Hockey Mens Hockey,Silver
316,Soviet Union,1972 Summer,Wrestling Mens Featherweight Freestyle,Gold
337,Uzbekistan,2000 Summer,Boxing Mens Light-Welterweight,Gold
339,Azerbaijan,1996 Summer,Wrestling Mens Flyweight Freestyle,Silver
339,Azerbaijan,2000 Summer,Wrestling Mens Bantamweight Freestyle,Gold
351,United States,2000 Summer,Basketball Mens Basketball,Gold
357,Tajikistan,2008 Summer,Wrestling Mens Light-Heavyweight Freestyle,Silver
359,Unified Team,1992 Summer,Athletics Mens Hammer Throw,Gold
367,Japan,1994 Winter,Nordic Combined Mens Team,Gold
379,Ethiopia,1992 Summer,Athletics Mens 10000 metres,Bronze
385,Switzerland,1924 Summer,Football Mens Football,Silver
391,United States,1924 Winter,Ice Hockey Mens Ice Hockey,Silver
392,Canada,1952 Winter,Ice Hockey Mens Ice Hockey,Gold
394,East Germany,1972 Summer,Gymnastics Womens Team All-Around,Silver
395,Canada,2012 Summer,Diving Womens Synchronized Springboard,Bronze
401,Spain,1992 Summer,Football Mens Football,Gold
404,Vesper Boat Club,1900 Summer,Rowing Mens Coxed Eights,Gold
404,Vesper Boat Club,1904 Summer,Rowing Mens Coxed Eights,Gold
411,Ethiopia,2000 Summer,Athletics Mens Marathon,Gold
416,Sweden,1912 Summer,Athletics Mens Long Jump,Bronze
416,Sweden,1912 Summer,Athletics Mens Triple Jump,Silver
423,United States,2000 Summer,Baseball Mens Baseball,Gold
424,South Africa,1956 Summer,Swimming Womens 4 x 100 metres Freestyle Relay,Bronze
428,Turkey,2008 Summer,Athletics Womens 5000 metres,Silver
443,Bulgaria,1980 Summer,Wrestling Mens Middleweight Freestyle,Gold
454,United States,1932 Summer,Athletics Mens 4 x 400 metres Relay,Gold
455,Russia,2012 Summer,Gymnastics Mens Floor Exercise,Bronze
455,Russia,2012 Summer,Gymnastics Mens Horse Vault,Silver
455,Russia,2016 Summer,Gymnastics Mens Team All-Around,Silver
455,Russia,2016 Summer,Gymnastics Mens Horse Vault,Silver
455,Russia,2016 Summer,Gymnastics Mens Rings,Bronze
460,Soviet Union,1972 Summer,Swimming Mens 4 x 100 metres Freestyle Relay,Silver
460,Soviet Union,1972 Summer,Swimming Mens 4 x 200 metres Freestyle Relay,Bronze
465,Australia,2016 Summer,Swimming Mens 4 x 100 metres Freestyle Relay,Bronze
495,Egypt,2012 Summer,Fencing Mens Foil Individual,Silver
507,Hungary,1988 Summer,Canoeing Mens Kayak Doubles 500 metres,Bronze
507,Hungary,1988 Summer,Canoeing Mens Kayak Fours 1000 metres,Gold
507,Hungary,1992 Summer,Canoeing Mens Kayak Fours 1000 metres,Silver
509,Great Britain,1980 Summer,Swimming Mens 4 x 100 metres Medley Relay,Bronze
514,Sweden,2004 Summer,Wrestling Mens Light-Heavyweight Greco-Roman,Silver
519,Great Britain,1924 Summer,Athletics Mens 100 metres,Gold
519,Great Britain,1924 Summer,Athletics Mens 4 x 100 metres Relay,Silver
521,Norway,1912 Summer,Gymnastics Mens Team All-Around Free System,Gold
527,Sweden,1920 Summer,Athletics Mens Long Jump,Bronze
529,Sweden,1928 Winter,Ice Hockey Mens Ice Hockey,Silver
543,Russia,2004 Summer,Volleyball Mens Volleyball,Bronze
547,Soviet Union,1964 Summer,Volleyball Womens Volleyball,Silver
548,Russia,2006 Winter,Speed Skating Womens Team Pursuit (6 laps),Bronze
576,Spain,2016 Summer,Basketball Mens Basketball,Bronze
580,Russia,2008 Summer,Basketball Womens Basketball,Bronze
582,Soviet Union,1980 Summer,Wrestling Mens Lightweight Freestyle,Gold
583,France,2004 Summer,Cycling Mens Mountainbike Cross-Country,Gold
583,France,2008 Summer,Cycling Mens Mountainbike Cross-Country,Gold
608,Jordan,2016 Summer,Taekwondo Mens Featherweight,Gold
610,Japan,1964 Summer,Gymnastics Womens Team All-Around,Bronze
618,Soviet Union,1980 Summer,Fencing Mens epee Team,Bronze
619,Soviet Union,1980 Summer,Wrestling Mens Featherweight Freestyle,Gold
627,Romania,2008 Summer,Gymnastics Womens Team All-Around,Bronze
629,France,2012 Summer,Handball Mens Handball,Gold
634,Switzerland,1988 Winter,Alpine Skiing Mens Combined,Bronze
639,Spain,1920 Summer,Football Mens Football,Silver
646,Puerto Rico,1992 Summer,Boxing Mens Welterweight,Bronze
654,Mexico,1984 Summer,Wrestling Mens Flyweight Greco-Roman,Silver
669,Ghana,1992 Summer,Football Mens Football,Bronze
670,Switzerland,1984 Summer,Cycling Mens 100 kilometres Team Time Trial,Silver
673,Morocco,1988 Summer,Boxing Mens Featherweight,Bronze
674,Morocco,1992 Summer,Boxing Mens Bantamweight,Bronze
680,Soviet Union,1968 Winter,Cross Country Skiing Womens 3 x 5 kilometres Relay,Bronze
690,Netherlands,2012 Summer,Rowing Womens Coxed Eights,Bronze
690,Netherlands,2016 Summer,Rowing Womens Quadruple Sculls,Silver
697,Sweden,1920 Summer,Gymnastics Mens Team All-Around Swedish System,Gold
698,New Zealand,1976 Summer,Hockey Mens Hockey,Gold
699,United States,1920 Summer,Wrestling Mens Featherweight Freestyle,Gold
702,Germany,2002 Winter,Nordic Combined Mens Team,Silver
702,Germany,2002 Winter,Nordic Combined Mens Sprint,Silver
702,Germany,2006 Winter,Nordic Combined Mens Team,Silver
705,Switzerland-1,1992 Winter,Bobsleigh Mens Two,Gold
705,Switzerland-1,1992 Winter,Bobsleigh Mens Four,Bronze
705,Switzerland-1,1994 Winter,Bobsleigh Mens Two,Gold
705,Switzerland-1,1994 Winter,Bobsleigh Mens Four,Silver
706,Switzerland-2,1994 Winter,Bobsleigh Mens Two,Silver
716,Argentina,2008 Summer,Football Mens Football,Gold
723,Cuba,2008 Summer,Boxing Mens Heavyweight,Bronze
727,Uruguay,1952 Summer,Basketball Mens Basketball,Bronze
745,Poland,1980 Summer,Boxing Mens Lightweight,Bronze
762,United States,1936 Summer,Rowing Mens Coxed Eights,Gold
766,Czechoslovakia,1976 Summer,Modern Pentathlon Mens Team,Silver
772,Canada,2006 Winter,Curling Mens Curling,Gold
775,Germany,1936 Summer,Fencing Mens Foil Team,Bronze
777,France,1948 Summer,Cycling Mens Team Pursuit 4000 metres,Gold
785,Poland,1992 Summer,Football Mens Football,Silver
807,United States,1912 Summer,Athletics Mens Standing High Jump,Silver
807,United States,1912 Summer,Athletics Mens Standing Long Jump,Bronze
813,United States,1904 Summer,Swimming Mens Plunge For Distance,Silver
818,United States,1912 Summer,Shooting Mens Military Rifle 200 400 500 and 600 metres Team,Gold
830,Great Britain,1980 Summer,Judo Mens Lightweight,Silver
830,Great Britain,1984 Summer,Judo Mens Half-Middleweight,Silver
832,Great Britain,2012 Summer,Boxing Womens Flyweight,Gold
832,Great Britain,2016 Summer,Boxing Womens Flyweight,Gold
836,United States,1912 Summer,Athletics Mens Standing High Jump,Gold
836,United States,1912 Summer,Athletics Mens Standing Long Jump,Silver
837,United States,2016 Summer,Volleyball Womens Volleyball,Bronze
840,Great Britain,2014 Winter,Curling Womens Curling,Bronze
846,New Zealand,2008 Summer,Athletics Womens Shot Put,Gold
846,New Zealand,2012 Summer,Athletics Womens Shot Put,Gold
846,New Zealand,2016 Summer,Athletics Womens Shot Put,Silver
849,Germany,2012 Summer,Rowing Mens Coxed Eights,Gold
850,Germany,1936 Summer,Rowing Mens Coxed Pairs,Gold
851,Poland,1960 Summer,Boxing Mens Featherweight,Silver
882,Ghana,1992 Summer,Football Mens Football,Bronze
884,Switzerland,1920 Summer,Shooting Mens Military Rifle 300 metres and 600 metres Prone Team,Bronze
896,Nigeria,2008 Summer,Football Mens Football,Silver
908,Nigeria,2008 Summer,Football Mens Football,Silver
918,Brazil,1984 Summer,Football Mens Football,Silver
918,Brazil,1988 Summer,Football Mens Football,Silver
923,Nigeria,1992 Summer,Athletics Mens 4 x 100 metres Relay,Silver
925,Brazil,2012 Summer,Volleyball Womens Volleyball,Gold
953,France-1,1992 Summer,Canoeing Mens Canadian Doubles Slalom,Bronze
953,France-1,1996 Summer,Canoeing Mens Canadian Doubles Slalom,Gold
956,Germany-2,2010 Winter,Bobsleigh Mens Two,Silver
957,Ghana,1992 Summer,Football Mens Football,Bronze
962,United States,1952 Summer,Boxing Mens Light-Welterweight,Gold
963,United States,1996 Summer,Athletics Mens 400 metres Hurdles,Gold
964,Great Britain,1948 Summer,Hockey Mens Hockey,Silver
967,Germany,1960 Summer,Cycling Mens 100 kilometres Team Time Trial,Silver
968,Austria,1912 Summer,Swimming Womens 4 x 100 metres Freestyle Relay,Bronze
973,Sweden,1936 Summer,Equestrianism Mens Dressage Team,Bronze
974,Sweden,1912 Summer,Equestrianism Mens Three-Day Event Team,Gold
975,Sweden,1908 Summer,Tennis Womens Singles Covered Courts,Bronze
977,Sweden,1912 Summer,Diving Mens Platform,Gold
977,Sweden,1912 Summer,Diving Mens Plain High,Gold
977,Sweden,1920 Summer,Diving Mens Platform,Silver
980,Great Britain,2008 Summer,Swimming Womens 400 metres Freestyle,Gold
980,Great Britain,2008 Summer,Swimming Womens 800 metres Freestyle,Gold
980,Great Britain,2012 Summer,Swimming Womens 400 metres Freestyle,Bronze
980,Great Britain,2012 Summer,Swimming Womens 800 metres Freestyle,Bronze
1000,Lithuania,2000 Summer,Basketball Mens Basketball,Bronze
1017,United States,2008 Summer,Swimming Mens 4 x 100 metres Freestyle Relay,Gold
1017,United States,2012 Summer,Swimming Mens 100 metres Freestyle,Gold
1017,United States,2012 Summer,Swimming Mens 4 x 100 metres Freestyle Relay,Silver
1017,United States,2012 Summer,Swimming Mens 4 x 100 metres Medley Relay,Gold
1017,United States,2016 Summer,Swimming Mens 50 metres Freestyle,Bronze
1017,United States,2016 Summer,Swimming Mens 100 metres Freestyle,Bronze
1017,United States,2016 Summer,Swimming Mens 4 x 100 metres Freestyle Relay,Gold
1017,United States,2016 Summer,Swimming Mens 4 x 100 metres Medley Relay,Gold
1020,Brazil,1996 Summer,Basketball Womens Basketball,Silver
1020,Brazil,2000 Summer,Basketball Womens Basketball,Bronze
1023,Brazil,2000 Summer,Basketball Womens Basketball,Bronze
1025,Hungary,1996 Summer,Canoeing Mens Kayak Fours 1000 metres,Silver
1046,Germany,1964 Summer,Rowing Mens Coxed Eights,Silver
1071,Russia,2012 Summer,Gymnastics Womens Team All-Around,Silver
1085,Russia,2002 Winter,Ice Hockey Mens Ice Hockey,Bronze
1088,Nigeria,1996 Summer,Athletics Womens 4 x 400 metres Relay,Silver
1094,Romania,1976 Summer,Rowing Womens Coxed Quadruple Sculls,Bronze
1095,South Africa,2016 Summer,Rugby Sevens Mens Rugby Sevens,Bronze
1104,Pakistan,1964 Summer,Hockey Mens Hockey,Silver
1107,South Africa,2016 Summer,Rugby Sevens Mens Rugby Sevens,Bronze
1109,Romania,1984 Summer,Gymnastics Womens Team All-Around,Gold
1109,Romania,1984 Summer,Gymnastics Womens Horse Vault,Bronze
1114,Italy,2004 Summer,Rowing Mens Coxless Fours,Bronze
1114,Italy,2008 Summer,Rowing Mens Quadruple Sculls,Silver
1122,United States,1996 Summer,Tennis Mens Singles,Gold
1131,France,2016 Summer,Judo Womens Half-Middleweight,Silver
1147,Soviet Union,1956 Summer,Water Polo Mens Water Polo,Bronze
1147,Soviet Union,1960 Summer,Water Polo Mens Water Polo,Silver
1147,Soviet Union,1964 Summer,Water Polo Mens Water Polo,Bronze
1169,Netherlands,2008 Summer,Hockey Womens Hockey,Gold
1169,Netherlands,2012 Summer,Hockey Womens Hockey,Gold
1173,France,2012 Summer,Swimming Mens 200 metres Freestyle,Gold
1173,France,2012 Summer,Swimming Mens 4 x 100 metres Freestyle Relay,Gold
1173,France,2012 Summer,Swimming Mens 4 x 200 metres Freestyle Relay,Silver
1181,Canada,2006 Winter,Ice Hockey Womens Ice Hockey,Gold
1181,Canada,2010 Winter,Ice Hockey Womens Ice Hockey,Gold
1181,Canada,2014 Winter,Ice Hockey Womens Ice Hockey,Gold
1188,United States-1,2006 Winter,Figure Skating Mixed Ice Dancing,Silver
1191,Hungary,1964 Summer,Fencing Womens Foil Team,Gold
1192,Italy,1928 Summer,Fencing Mens epee Team,Gold
1192,Italy,1932 Summer,Fencing Mens epee Individual,Bronze
1192,Italy,1932 Summer,Fencing Mens epee Team,Silver
1192,Italy,1948 Summer,Fencing Mens epee Team,Silver
1201,Sweden,1936 Summer,Boxing Mens Lightweight,Bronze
1208,Large boat Central Naval Prep School Poros-1,1906 Summer,Rowing Mens 17-Man Naval Rowing Boats,Gold
1211,Netherlands,1928 Summer,Gymnastics Womens Team All-Around,Gold
1220,Argentina,2008 Summer,Football Mens Football,Gold
1221,Cuba,2000 Summer,Volleyball Womens Volleyball,Gold
1249,Cuba,1980 Summer,Boxing Mens Light-Welterweight,Bronze
1254,Spain,2012 Summer,Handball Womens Handball,Bronze
1262,Spain,2016 Summer,Rhythmic Gymnastics Womens Group,Silver
1270,Cuba,1992 Summer,Athletics Mens 4 x 100 metres Relay,Bronze
1301,Indonesia,2016 Summer,Weightlifting Womens Flyweight,Silver
1313,United States,2008 Summer,Volleyball Womens Volleyball,Silver
1322,United States,1972 Winter,Ice Hockey Mens Ice Hockey,Silver
1323,Great Britain,1908 Summer,Athletics Mens Triple Jump,Gold
1333,Finland,1932 Summer,Boxing Mens Welterweight,Bronze
1336,Sweden,1980 Winter,Ice Hockey Mens Ice Hockey,Bronze
1340,Sweden,2002 Winter,Ice Hockey Womens Ice Hockey,Bronze
1341,Sweden,1924 Winter,Curling Mens Curling,Silver
1342,Sweden,1984 Winter,Ice Hockey Mens Ice Hockey,Bronze
1346,Finland,1924 Summer,Wrestling Mens Bantamweight Greco-Roman,Silver
1348,Sweden,1912 Summer,Wrestling Mens Middleweight B Greco-Roman,Silver
1350,United States,1948 Summer,Rowing Mens Coxed Eights,Gold
1356,Germany,2004 Summer,Equestrianism Mixed Jumping Team,Bronze
1356,Germany,2016 Summer,Equestrianism Mixed Jumping Team,Bronze
1359,Sweden,1932 Summer,Boxing Mens Lightweight,Silver
1364,Sweden,1952 Summer,Football Mens Football,Bronze
1374,Indonesia-1,2016 Summer,Badminton Mixed Doubles,Gold
1378,Sweden,1948 Summer,Athletics Mens Triple Jump,Gold
1379,Germany-1,2000 Summer,Beach Volleyball Mens Beach Volleyball,Bronze
1380,United States,1992 Summer,Swimming Womens 4 x 100 metres Freestyle Relay,Gold
1380,United States,1992 Summer,Swimming Womens 100 metres Butterfly,Silver
1380,United States,1992 Summer,Swimming Womens 4 x 100 metres Medley Relay,Gold
1386,Pakistan,1992 Summer,Hockey Mens Hockey,Bronze
1389,Pakistan,1968 Summer,Hockey Mens Hockey,Gold
1391,Pakistan,1960 Summer,Hockey Mens Hockey,Gold
1400,Pakistan,1984 Summer,Hockey Mens Hockey,Gold
1402,Pakistan,1992 Summer,Hockey Mens Hockey,Bronze
1408,Pakistan,1984 Summer,Hockey Mens Hockey,Gold
1409,Pakistan,1960 Summer,Hockey Mens Hockey,Gold
1412,Pakistan,1968 Summer,Hockey Mens Hockey,Gold
1412,Pakistan,1972 Summer,Hockey Mens Hockey,Silver
1414,Pakistan,1992 Summer,Hockey Mens Hockey,Bronze
1435,Finland,2002 Winter,Ski Jumping Mens Large Hill Team,Silver
1435,Finland,2006 Winter,Ski Jumping Mens Large Hill Team,Silver
1443,East Germany,1976 Summer,Rowing Womens Coxed Eights,Gold
1444,United States,2004 Summer,Rowing Mens Coxed Eights,Gold
1447,Chile,1956 Summer,Athletics Womens Javelin Throw,Silver
1449,Germany,1964 Summer,Rowing Mens Coxed Eights,Silver
1466,Italy,2012 Summer,Water Polo Mens Water Polo,Silver
1466,Italy,2016 Summer,Water Polo Mens Water Polo,Bronze
1467,Argentina,2000 Summer,Hockey Womens Hockey,Silver
1467,Argentina,2004 Summer,Hockey Womens Hockey,Bronze
1467,Argentina,2008 Summer,Hockey Womens Hockey,Bronze
1469,Switzerland-1,1936 Winter,Bobsleigh Mens Four,Silver
1478,Italy,2016 Summer,Water Polo Womens Water Polo,Silver
1480,Austria,1924 Summer,Weightlifting Mens Heavyweight,Silver
1481,Germany,2012 Summer,Canoeing Mens Kayak Singles Slalom,Bronze
1483,Japan,1956 Summer,Gymnastics Mens Team All-Around,Silver
1483,Japan,1956 Summer,Gymnastics Mens Floor Exercise,Silver
1483,Japan,1960 Summer,Gymnastics Mens Team All-Around,Gold
1483,Japan,1960 Summer,Gymnastics Mens Floor Exercise,Gold
1485,Japan,1992 Summer,Gymnastics Mens Team All-Around,Bronze
1487,Japan,2004 Summer,Baseball Mens Baseball,Bronze
1489,Australia,1956 Summer,Rowing Mens Coxed Eights,Bronze
1500,United States,2000 Summer,Baseball Mens Baseball,Gold
1503,Great Britain,1920 Summer,Athletics Mens 4 x 400 metres Relay,Gold
1530,Canada,1936 Summer,Basketball Mens Basketball,Silver
1531,Great Britain-1,1912 Summer,Tennis Mixed Doubles Covered Courts,Silver
1534,Australia,1992 Summer,Cycling Mens Team Pursuit 4000 metres,Silver
1534,Australia,1996 Summer,Cycling Mens Team Pursuit 4000 metres,Bronze
1534,Australia,2000 Summer,Cycling Mens Madison,Gold
1540,Ukraine,2008 Summer,Shooting Mens Small-Bore Rifle Prone 50 metres,Gold
1546,Greece,2000 Summer,Rhythmic Gymnastics Womens Group,Bronze
1551,Nigeria,2016 Summer,Football Mens Football,Bronze
1554,Cuba,1992 Summer,Baseball Mens Baseball,Gold
1554,Cuba,1996 Summer,Baseball Mens Baseball,Gold
1554,Cuba,2000 Summer,Baseball Mens Baseball,Silver
1556,Nigeria,2008 Summer,Football Mens Football,Silver
1561,Canada,2016 Summer,Athletics Mens 4 x 100 metres Relay,Bronze
1564,Nigeria,1996 Summer,Athletics Womens Long Jump,Gold
1569,Great Britain,1984 Summer,Athletics Mens 4 x 400 metres Relay,Silver
1569,Great Britain,1992 Summer,Athletics Mens 400 metres Hurdles,Bronze
1569,Great Britain,1992 Summer,Athletics Mens 4 x 400 metres Relay,Bronze
1574,Japan,1984 Summer,Wrestling Mens Featherweight Freestyle,Silver
1574,Japan,1992 Summer,Wrestling Mens Lightweight Freestyle,Bronze
1579,Turkey,1948 Summer,Wrestling Mens Bantamweight Freestyle,Gold
1581,Japan,1992 Winter,Short Track Speed Skating Mens 5000 metres Relay,Bronze
1595,Turkey,1956 Summer,Wrestling Mens Flyweight Freestyle,Bronze
1595,Turkey,1964 Summer,Wrestling Mens Bantamweight Freestyle,Silver
1601,Turkey,1972 Summer,Wrestling Mens Featherweight Freestyle,Silver
1618,Sweden,1948 Summer,Canoeing Mens Kayak Doubles 10000 metres,Gold
1618,Sweden,1952 Summer,Canoeing Mens Kayak Doubles 10000 metres,Silver
1622,United States,1996 Summer,Football Womens Football,Gold
1634,Turkey,2016 Summer,Wrestling Mens Super-Heavyweight Freestyle,Gold
1637,Soviet Union,1980 Summer,Volleyball Womens Volleyball,Gold
1639,Russia,1998 Winter,Biathlon Womens 4 x 7.5 kilometres Relay,Silver
1639,Russia,2002 Winter,Biathlon Womens 4 x 7.5 kilometres Relay,Bronze
1639,Russia,2006 Winter,Biathlon Womens 10 kilometres Pursuit,Bronze
1639,Russia,2006 Winter,Biathlon Womens 15 kilometres,Bronze
1639,Russia,2006 Winter,Biathlon Womens 4 x 6 kilometres Relay,Gold
1647,Uzbekistan,2016 Summer,Boxing Mens Bantamweight,Bronze
1649,Russia,2016 Summer,Fencing Mens Foil Team,Gold
1650,Russia,2008 Summer,Wrestling Mens Super-Heavyweight Freestyle,Silver
1652,Bulgaria,1964 Summer,Wrestling Mens Heavyweight Freestyle,Silver
1654,Soviet Union,1980 Summer,Hockey Womens Hockey,Bronze
1659,Soviet Union,1960 Summer,Rowing Mens Coxless Fours,Bronze
1662,Pakistan,1968 Summer,Hockey Mens Hockey,Gold
1665,Pakistan,1984 Summer,Hockey Mens Hockey,Gold
1673,Uganda,1972 Summer,Athletics Mens 400 metres Hurdles,Gold
1676,Soviet Union,1972 Summer,Water Polo Mens Water Polo,Gold
1678,Soviet Union,1980 Summer,Water Polo Mens Water Polo,Gold
1682,United States,2016 Summer,Athletics Womens 4 x 100 metres Relay,Gold
1683,United States,2012 Summer,Volleyball Womens Volleyball,Silver
1683,United States,2016 Summer,Volleyball Womens Volleyball,Bronze
1698,Russia,2004 Summer,Weightlifting Mens Middle-Heavyweight,Silver
1698,Russia,2008 Summer,Weightlifting Mens Middle-Heavyweight,Bronze
1700,Russia,2000 Summer,Water Polo Womens Water Polo,Bronze
1713,Unified Team,1992 Summer,Weightlifting Mens Heavyweight II,Silver
1716,Nigeria,2016 Summer,Football Mens Football,Bronze
1730,United States,2016 Summer,Fencing Womens Sabre Team,Bronze
1732,Soviet Union,1976 Summer,Athletics Womens 4 x 400 metres Relay,Bronze
1734,Soviet Union,1976 Summer,Athletics Mens 4 x 100 metres Relay,Bronze
1734,Soviet Union,1980 Summer,Athletics Mens 4 x 100 metres Relay,Gold
1740,Russia,1996 Summer,Rowing Mens Coxed Eights,Bronze
1742,Soviet Union,1980 Summer,Swimming Womens 4 x 100 metres Medley Relay,Bronze
1762,Syria,2004 Summer,Boxing Mens Heavyweight,Bronze
1809,Qatar,2012 Summer,Shooting Mens Skeet,Bronze
1858,Kuwait,2000 Summer,Shooting Mens Double Trap,Bronze
1858,Kuwait,2012 Summer,Shooting Mens Trap,Bronze
1858,Individual Olympic Athletes,2016 Summer,Shooting Mens Double Trap,Gold
1885,Saudi Arabia,2012 Summer,Equestrianism Mixed Jumping Team,Bronze
1889,Saudi Arabia,2000 Summer,Equestrianism Mixed Jumping Individual,Bronze
1949,Pakistan,1984 Summer,Hockey Mens Hockey,Gold
2025,United Arab Emirates,2004 Summer,Shooting Mens Double Trap,Gold
2112,Individual Olympic Athletes,2016 Summer,Shooting Mens Skeet,Bronze
2134,Saudi Arabia,2012 Summer,Equestrianism Mixed Jumping Team,Bronze
2170,Saudi Arabia,2000 Summer,Athletics Mens 400 metres Hurdles,Silver
2212,Soviet Union,1964 Summer,Basketball Mens Basketball,Silver
2225,Soviet Union,1972 Summer,Wrestling Mens Flyweight Freestyle,Silver
2233,Pakistan,1956 Summer,Hockey Mens Hockey,Silver
2233,Pakistan,1960 Summer,Hockey Mens Hockey,Gold
2256,Croatia,1992 Summer,Basketball Mens Basketball,Silver
2274,Finland,1994 Winter,Ice Hockey Mens Ice Hockey,Bronze
2275,Finland,1960 Winter,Cross Country Skiing Mens 4 x 10 kilometres Relay,Gold
2296,Italy,1992 Winter,Cross Country Skiing Mens 10 kilometres,Silver
2296,Italy,1992 Winter,Cross Country Skiing Mens 4 x 10 kilometres Relay,Silver
2296,Italy,1994 Winter,Cross Country Skiing Mens 10 kilometres,Bronze
2296,Italy,1994 Winter,Cross Country Skiing Mens 4 x 10 kilometres Relay,Gold
2296,Italy,1998 Winter,Cross Country Skiing Mens 4 x 10 kilometres Relay,Silver
2302,France-3,1920 Summer,Tennis Mens Doubles,Bronze
2306,Russia,2012 Summer,Weightlifting Mens Super-Heavyweight,Bronze
2307,Spain,2000 Summer,Football Mens Football,Silver
2311,West Germany,1984 Summer,Cycling Mens Team Pursuit 4000 metres,Bronze
2313,Italy,1976 Summer,Water Polo Mens Water Polo,Silver
2322,Hungary,1960 Summer,Football Mens Football,Bronze
2342,Spain,2012 Summer,Handball Womens Handball,Bronze
2347,Denmark,1920 Summer,Gymnastics Mens Team All-Around Free System,Gold
2349,Sweden,1948 Summer,Athletics Mens 10000 metres,Bronze
2355,Italy,1968 Summer,Rowing Mens Coxless Fours,Bronze
2359,Russia,2008 Summer,Wrestling Mens Lightweight Greco-Roman,Gold
2367,Switzerland,1924 Summer,Rowing Mens Coxless Fours,Bronze
2367,Switzerland,1924 Summer,Rowing Mens Coxed Fours,Gold
2378,East Germany,1980 Winter,Speed Skating Womens 1000 metres,Bronze
2379,Switzerland,2002 Winter,Cross Country Skiing Womens 4 x 5 kilometres Relay,Bronze
2386,United States,1952 Winter,Figure Skating Womens Singles,Silver
2386,United States,1956 Winter,Figure Skating Womens Singles,Gold
2387,United States,1936 Summer,Athletics Mens High Jump,Silver
2389,Soviet Union,1960 Summer,Wrestling Mens Light-Heavyweight Freestyle,Bronze
2419,Brazil,1996 Summer,Football Mens Football,Bronze
2420,Cuba,1976 Summer,Boxing Mens Light-Welterweight,Silver
2420,Cuba,1980 Summer,Boxing Mens Welterweight,Gold
2434,Great Britain,1920 Summer,Cycling Mens Team Pursuit 4000 metres,Silver
2434,Great Britain,1920 Summer,Cycling Mens 50 kilometres,Silver
2434,Great Britain,1924 Summer,Cycling Mens 50 kilometres,Silver
2440,United States,1928 Summer,Athletics Mens 4 x 400 metres Relay,Gold
2443,United States,1952 Summer,Swimming Womens 4 x 100 metres Freestyle Relay,Bronze
2458,Spain,2008 Summer,Hockey Mens Hockey,Silver
2460,Spain,2008 Summer,Hockey Mens Hockey,Silver
2469,Lithuania,2000 Summer,Athletics Mens Discus Throw,Gold
2469,Lithuania,2004 Summer,Athletics Mens Discus Throw,Gold
2469,Lithuania,2008 Summer,Athletics Mens Discus Throw,Bronze
2473,Soviet Union,1976 Winter,Ice Hockey Mens Ice Hockey,Gold
2483,Bulgaria,1980 Summer,Weightlifting Mens Middle-Heavyweight,Silver
2486,Soviet Union,1960 Winter,Ice Hockey Mens Ice Hockey,Bronze
2486,Soviet Union,1964 Winter,Ice Hockey Mens Ice Hockey,Gold
2486,Soviet Union,1968 Winter,Ice Hockey Mens Ice Hockey,Gold
2487,Soviet Union-2,1984 Winter,Bobsleigh Mens Two,Bronze
2495,Soviet Union,1976 Summer,Rowing Womens Coxed Quadruple Sculls,Silver
2495,Soviet Union,1980 Summer,Rowing Womens Double Sculls,Gold
2497,Armenia,2012 Summer,Wrestling Mens Heavyweight Greco-Roman,Bronze
2497,Armenia,2016 Summer,Wrestling Mens Heavyweight Greco-Roman,Gold
2511,Soviet Union,1972 Summer,Weightlifting Mens Super-Heavyweight,Gold
2511,Soviet Union,1976 Summer,Weightlifting Mens Super-Heavyweight,Gold
2513,Soviet Union,1964 Summer,Diving Womens Platform,Bronze
2517,Serbia,2012 Summer,Water Polo Mens Water Polo,Bronze
2517,Serbia,2016 Summer,Water Polo Mens Water Polo,Gold
2546,Brazil,1996 Summer,Basketball Womens Basketball,Silver
2546,Brazil,2000 Summer,Basketball Womens Basketball,Bronze
2552,United States,1932 Summer,Fencing Mens Foil Team,Bronze
2553,Germany,1932 Summer,Rowing Mens Coxless Fours,Silver
2559,Brazil,2012 Summer,Football Mens Football,Silver
2570,Great Britain,1908 Summer,Lacrosse Mens Lacrosse,Silver
2575,Canada,1996 Summer,Synchronized Swimming Womens Team,Silver
2576,Great Britain,1960 Summer,Fencing Mens epee Team,Silver
2583,Canada,2000 Summer,Rowing Womens Coxed Eights,Bronze
2589,France,1984 Summer,Judo Mens Half-Lightweight,Bronze
2589,France,1988 Summer,Judo Mens Lightweight,Gold
2592,Brazil,2008 Summer,Football Mens Football,Bronze
2592,Brazil,2012 Summer,Football Mens Football,Silver
2597,Romania,1980 Summer,Wrestling Mens Light-Flyweight Greco-Roman,Silver
2599,Romania,1972 Summer,Boxing Mens Heavyweight,Silver
2607,Soviet Union,1976 Summer,Diving Mens Platform,Bronze
2607,Soviet Union,1980 Summer,Diving Mens Platform,Silver
2608,Russia,2000 Summer,Shooting Mens Air Rifle 10 metres,Bronze
2610,Niger,2016 Summer,Taekwondo Mens Heavyweight,Silver
2619,Soviet Union,1976 Summer,Athletics Womens Long Jump,Bronze
2629,Spain,1992 Summer,Football Mens Football,Gold
2636,United States,1984 Summer,Basketball Mens Basketball,Gold
2638,Sweden,1924 Summer,Football Mens Football,Bronze
2639,Sweden,2006 Winter,Ice Hockey Mens Ice Hockey,Gold
2639,Sweden,2014 Winter,Ice Hockey Mens Ice Hockey,Silver
2648,Brazil,1948 Summer,Basketball Mens Basketball,Bronze
2648,Brazil,1960 Summer,Basketball Mens Basketball,Bronze
2649,Sweden,1994 Winter,Ice Hockey Mens Ice Hockey,Gold
2651,Sweden,2012 Summer,Equestrianism Mixed Three-Day Event Individual,Silver
2694,Pakistan,1984 Summer,Hockey Mens Hockey,Gold
2695,United States,2016 Summer,Athletics Womens 100 metres Hurdles,Silver
2699,India,1928 Summer,Hockey Mens Hockey,Gold
2703,India,1964 Summer,Hockey Mens Hockey,Gold
2715,France,1920 Summer,Athletics Mens 4 x 100 metres Relay,Silver
2722,Iran,1972 Summer,Wrestling Mens Light-Flyweight Greco-Roman,Silver
2723,France,1908 Summer,Fencing Mens epee Individual,Gold
2723,France,1908 Summer,Fencing Mens epee Team,Gold
2735,Russia,2000 Summer,Shooting Mens Rapid-Fire Pistol 25 metres,Gold
2735,Russia,2004 Summer,Shooting Mens Rapid-Fire Pistol 25 metres,Bronze
2737,Soviet Union,1980 Winter,Biathlon Mens 10 kilometres Sprint,Silver
2737,Soviet Union,1980 Winter,Biathlon Mens 4 x 7.5 kilometres Relay,Gold
2739,Croatia,2012 Summer,Handball Mens Handball,Bronze
2750,Brazil,2004 Summer,Football Womens Football,Silver
2755,Russia,2004 Summer,Shooting Mens Trap,Gold
2755,Russia,2008 Summer,Shooting Mens Trap,Bronze
2756,Greece,1906 Summer,Gymnastics Mens Rope Climbing,Gold
2758,Brazil-1,2012 Summer,Beach Volleyball Mens Beach Volleyball,Silver
2758,Brazil-1,2016 Summer,Beach Volleyball Mens Beach Volleyball,Gold
2760,Nigeria,2004 Summer,Athletics Mens 4 x 100 metres Relay,Bronze
2762,Russia,2008 Summer,Rhythmic Gymnastics Womens Group,Gold
2769,Iran,2016 Summer,Taekwondo Womens Featherweight,Bronze
2785,Belgium,1920 Summer,Archery Mens Target Archery 28 metres Team,Silver
2785,Belgium,1920 Summer,Archery Mens Target Archery 33 metres Team,Gold
2785,Belgium,1920 Summer,Archery Mens Target Archery 50 metres Team,Gold
2786,Unified Team,1992 Winter,Short Track Speed Skating Womens 3000 metres Relay,Bronze
2792,France,1936 Winter,Alpine Skiing Mens Combined,Bronze
2794,Algeria,2000 Summer,Boxing Mens Light-Welterweight,Bronze
2799,France,1992 Winter,Freestyle Skiing Mens Moguls,Silver
2800,Great Britain,1984 Summer,Shooting Mens Small-Bore Rifle Three Positions 50 metres,Bronze
2800,Great Britain,1988 Summer,Shooting Mens Small-Bore Rifle Three Positions 50 metres,Silver
2829,USFSA,1900 Summer,Football Mens Football,Silver
2833,United States,1996 Summer,Baseball Mens Baseball,Bronze
2849,Austria,2004 Summer,Triathlon Womens Olympic Distance,Gold
2850,Australia,2000 Summer,Hockey Womens Hockey,Gold
2861,Jamaica,2016 Summer,Athletics Mens 4 x 400 metres Relay,Silver
2863,United States,2000 Summer,Basketball Mens Basketball,Gold
2864,India,1928 Summer,Hockey Mens Hockey,Gold
2864,India,1932 Summer,Hockey Mens Hockey,Gold
2864,India,1936 Summer,Hockey Mens Hockey,Gold
2869,United States,1964 Winter,Figure Skating Mens Singles,Bronze
2871,United States,1920 Summer,Polo Mens Polo,Bronze
2874,United States,2004 Summer,Rowing Mens Coxed Eights,Gold
2874,United States,2008 Summer,Rowing Mens Coxed Eights,Bronze
2875,Australia,2000 Summer,Softball Womens Softball,Bronze
2875,Australia,2004 Summer,Softball Womens Softball,Silver
2875,Australia,2008 Summer,Softball Womens Softball,Bronze
2877,Great Britain,2000 Summer,Modern Pentathlon Womens Individual,Bronze
2882,Nykjbings paa Falster,1912 Summer,Rowing Mens Coxed Fours Inriggers,Gold
2892,Trinidad and Tobago,2012 Summer,Athletics Mens 4 x 400 metres Relay,Bronze
2894,Great Britain,1968 Summer,Equestrianism Mixed Three-Day Event Individual,Silver
2894,Great Britain,1968 Summer,Equestrianism Mixed Three-Day Event Team,Gold
2909,Canada,1936 Summer,Basketball Mens Basketball,Silver
2915,Ireland-2,1908 Summer,Hockey Mens Hockey,Silver
2917,Italy,1920 Summer,Fencing Mens epee Team,Gold
2929,United States,1964 Summer,Swimming Womens 4 x 100 metres Freestyle Relay,Gold
2930,Italy,2004 Summer,Water Polo Womens Water Polo,Gold
2942,Sweden,1920 Summer,Athletics Mens Cross-Country Team,Bronze
2965,Sweden,2002 Winter,Ice Hockey Womens Ice Hockey,Bronze
2987,Soviet Union,1960 Winter,Ice Hockey Mens Ice Hockey,Bronze
2987,Soviet Union,1964 Winter,Ice Hockey Mens Ice Hockey,Gold
2988,Argentina,1996 Summer,Football Mens Football,Silver
2989,Sweden,1936 Summer,Fencing Mens epee Team,Silver
2991,Mohawk Indians-2,1904 Summer,Lacrosse Mens Lacrosse,Bronze
2998,Sweden,1912 Summer,Athletics Mens Triple Jump,Bronze
2998,Sweden,1920 Summer,Athletics Mens Triple Jump,Bronze
3006,Sweden,1952 Winter,Ice Hockey Mens Ice Hockey,Bronze
3011,Sweden,1948 Summer,Athletics Mens 4 x 400 metres Relay,Bronze
3012,Cameroon,2000 Summer,Football Mens Football,Gold
3017,Brazil,1988 Summer,Football Mens Football,Silver
3029,Spain,2012 Summer,Handball Womens Handball,Bronze
3052,Russia,2012 Summer,Boxing Mens Flyweight,Bronze
3055,Nigeria,2000 Summer,Athletics Womens 100 metres Hurdles,Silver
3069,Norway,1994 Winter,Cross Country Skiing Mens 30 kilometres,Gold
3069,Norway,1994 Winter,Cross Country Skiing Mens 4 x 10 kilometres Relay,Silver
3069,Norway,1998 Winter,Cross Country Skiing Mens 10/15 kilometres Pursuit,Gold
3069,Norway,1998 Winter,Cross Country Skiing Mens 4 x 10 kilometres Relay,Gold
3069,Norway,2002 Winter,Cross Country Skiing Mens 10/10 kilometres Pursuit,Gold
3069,Norway,2002 Winter,Cross Country Skiing Mens 4 x 10 kilometres Relay,Gold
3070,Sweden,2000 Summer,Swimming Womens 50 metres Freestyle,Silver
3070,Sweden,2000 Summer,Swimming Womens 100 metres Freestyle,Silver
3070,Sweden,2000 Summer,Swimming Womens 4 x 100 metres Freestyle Relay,Bronze
3071,Soviet Union,1988 Summer,Fencing Mens Sabre Team,Silver
3077,Norway,2012 Summer,Handball Womens Handball,Gold
3077,Norway,2016 Summer,Handball Womens Handball,Bronze
3080,Switzerland-1,1956 Winter,Bobsleigh Mens Four,Gold
3093,Germany,2008 Summer,Canoeing Mens Kayak Fours 1000 metres,Bronze
3099,Germany,1992 Summer,Rowing Womens Coxless Pairs,Silver
3102,Italy,1912 Summer,Athletics Mens 10 kilometres Walk,Bronze
3108,Switzerland,2014 Winter,Ice Hockey Womens Ice Hockey,Bronze
3118,Great Britain,1948 Winter,Figure Skating Womens Singles,Bronze
3118,Great Britain,1952 Winter,Figure Skating Womens Singles,Gold
3147,Chile,2000 Summer,Football Mens Football,Bronze
3150,United States,2014 Winter,Short Track Speed Skating Mens 5000 metres Relay,Silver
3165,Spain,1928 Summer,Equestrianism Mens Jumping Team,Gold
3171,Cuba,1972 Summer,Basketball Mens Basketball,Bronze
3174,Cuba,2012 Summer,Boxing Mens Bantamweight,Bronze
3174,Cuba,2016 Summer,Boxing Mens Lightweight,Bronze
3206,Colombia,2012 Summer,Judo Womens Middleweight,Bronze
3206,Colombia,2016 Summer,Judo Womens Middleweight,Silver
3214,Italy-2,1956 Winter,Bobsleigh Mens Two,Silver
3214,Italy-2,1956 Winter,Bobsleigh Mens Four,Silver
3227,Brazil,2012 Summer,Volleyball Mens Volleyball,Silver
3231,Italy,1920 Summer,Equestrianism Mens Jumping Team,Bronze
3231,Italy,1924 Summer,Equestrianism Mens Three-Day Event Team,Bronze
3240,Egypt,2004 Summer,Boxing Mens Super-Heavyweight,Silver
3245,Soviet Union,1980 Winter,Biathlon Mens 10 kilometres Sprint,Bronze
3245,Soviet Union,1980 Winter,Biathlon Mens 20 kilometres,Gold
3245,Soviet Union,1980 Winter,Biathlon Mens 4 x 7.5 kilometres Relay,Gold
3248,Soviet Union,1980 Summer,Fencing Mens Sabre Team,Gold
3249,Russia,2000 Summer,Gymnastics Mens Team All-Around,Bronze
3251,Russia,2006 Winter,Cross Country Skiing Mens Team Sprint,Bronze
3257,Luxembourg,1920 Summer,Weightlifting Mens Heavyweight,Silver
3272,Ghana,1992 Summer,Football Mens Football,Bronze
3277,Mound City Rowing Club-2,1904 Summer,Rowing Mens Coxless Fours,Silver
3281,Romania,1996 Summer,Gymnastics Womens Individual All-Around,Bronze
3281,Romania,1996 Summer,Gymnastics Womens Team All-Around,Bronze
3281,Romania,1996 Summer,Gymnastics Womens Floor Exercise,Silver
3281,Romania,1996 Summer,Gymnastics Womens Horse Vault,Gold
3281,Romania,2000 Summer,Gymnastics Womens Individual All-Around,Gold
3281,Romania,2000 Summer,Gymnastics Womens Team All-Around,Gold
3281,Romania,2000 Summer,Gymnastics Womens Floor Exercise,Bronze
3285,Ghana,1992 Summer,Football Mens Football,Bronze
3289,Germany,1928 Summer,Water Polo Mens Water Polo,Gold
3295,Soviet Union,1980 Winter,Luge Womens Singles,Bronze
3301,Brazil,1996 Summer,Football Mens Football,Bronze
3308,Italy,2004 Summer,Rowing Mens Lightweight Coxless Fours,Bronze
3317,Ghana,1972 Summer,Boxing Mens Middleweight,Bronze
3319,Spain,1996 Summer,Hockey Mens Hockey,Silver
3321,France,1996 Summer,Shooting Mens Air Rifle 10 metres,Bronze
3321,France,1996 Summer,Shooting Mens Small-Bore Rifle Three Positions 50 metres,Gold
3322,Spain,1980 Summer,Hockey Mens Hockey,Silver
3323,Spain,1960 Summer,Hockey Mens Hockey,Bronze
3324,Spain,1996 Summer,Hockey Mens Hockey,Silver
3324,Spain,2008 Summer,Hockey Mens Hockey,Silver
3330,Brazil,1984 Summer,Volleyball Mens Volleyball,Silver
3330,Brazil,1992 Summer,Volleyball Mens Volleyball,Gold
3331,Brazil,1960 Summer,Basketball Mens Basketball,Bronze
3331,Brazil,1964 Summer,Basketball Mens Basketball,Bronze
3332,Spain,1992 Summer,Football Mens Football,Gold
3335,Spain,2000 Summer,Football Mens Football,Silver
3356,Italy,1960 Summer,Water Polo Mens Water Polo,Gold
3361,Nigeria,2008 Summer,Football Mens Football,Silver
3362,Italy,1928 Summer,Gymnastics Womens Team All-Around,Silver
3363,United States,2000 Summer,Softball Womens Softball,Gold
3365,Italy,1920 Summer,Athletics Mens 3000 metres Steeplechase,Bronze
3379,Hungary,1964 Summer,Water Polo Mens Water Polo,Gold
3398,East Germany-1,1972 Summer,Canoeing Mens Canadian Doubles Slalom,Gold
3433,France,2002 Winter,Alpine Skiing Mens Slalom,Silver
3453,Soviet Union,1952 Summer,Rowing Mens Coxed Eights,Silver
3461,Italy,2004 Summer,Rowing Mens Lightweight Coxless Fours,Bronze
3466,United States,1964 Summer,Rowing Mens Coxed Eights,Gold
3467,United States,1964 Summer,Rowing Mens Coxed Eights,Gold
3472,Switzerland,2002 Winter,Ski Jumping Mens Normal Hill Individual,Gold
3472,Switzerland,2002 Winter,Ski Jumping Mens Large Hill Individual,Gold
3472,Switzerland,2010 Winter,Ski Jumping Mens Normal Hill Individual,Gold
3472,Switzerland,2010 Winter,Ski Jumping Mens Large Hill Individual,Gold
3476,Favorite Hammonia-3,1900 Summer,Rowing Mens Coxed Fours,Bronze
3477,West Germany,1976 Summer,Equestrianism Mixed Three-Day Event Team,Silver
3487,Nigeria,1996 Summer,Football Mens Football,Gold
3491,United States,2002 Winter,Ice Hockey Mens Ice Hockey,Silver
3493,Great Britain,1908 Summer,Shooting Mens Small-Bore Rifle 50 and 100 yards Team,Gold
3493,Great Britain,1908 Summer,Shooting Mens Small-Bore Rifle Disappearing Target 25 yards,Bronze
3494,Australia,1964 Summer,Athletics Womens 400 metres,Bronze
3507,Spain,2012 Summer,Handball Womens Handball,Bronze
3512,Botswana,2012 Summer,Athletics Mens 800 metres,Silver
3514,Soviet Union,1976 Winter,Cross Country Skiing Womens 4 x 5 kilometres Relay,Gold
3516,Switzerland,1920 Summer,Shooting Mens Military Pistol Team,Bronze
3516,Switzerland,1920 Summer,Shooting Mens Free Rifle Three Positions 300 metres Team,Bronze
3519,Armenia,2008 Summer,Wrestling Mens Featherweight Greco-Roman,Bronze
3522,Great Britain,1908 Summer,Fencing Mens epee Team,Silver
3525,East Germany,1988 Summer,Cycling Mens 100 kilometres Team Time Trial,Gold
3536,Frankfurt Club,1900 Summer,Rugby Mens Rugby,Silver
3537,Tunisia,2016 Summer,Wrestling Womens Lightweight Freestyle,Bronze
3544,France,1920 Summer,Fencing Mens Foil Team,Silver
3544,France,1920 Summer,Fencing Mens epee Team,Bronze
3544,France,1928 Summer,Fencing Mens epee Team,Silver
3552,Canada,1976 Summer,Swimming Womens 4 x 100 metres Freestyle Relay,Bronze
3554,Norway,1908 Summer,Gymnastics Mens Team All-Around,Silver
3554,Norway,1912 Summer,Gymnastics Mens Team All-Around Swedish System,Bronze
3557,Norway,1968 Summer,Canoeing Mens Kayak Fours 1000 metres,Gold
3557,Norway,1972 Summer,Canoeing Mens Kayak Fours 1000 metres,Bronze
3559,Nigeria,1996 Summer,Football Mens Football,Gold
3561,Nigeria,2016 Summer,Football Mens Football,Bronze
3563,Canada,1936 Summer,Canoeing Mens Canadian Singles 1000 metres,Gold
3566,South Korea,2016 Summer,Judo Mens Half-Lightweight,Silver
3567,South Korea,1984 Summer,Judo Mens Lightweight,Gold
3574,South Korea,1988 Summer,Wrestling Mens Featherweight Greco-Roman,Bronze
3581,South Korea,1992 Summer,Wrestling Mens Bantamweight Greco-Roman,Gold
3585,South Korea-2,1988 Summer,Table Tennis Mens Doubles,Bronze
3589,South Korea,2008 Summer,Handball Womens Handball,Bronze
3593,North Korea,2008 Summer,Judo Womens Half-Lightweight,Silver
3593,North Korea,2012 Summer,Judo Womens Half-Lightweight,Gold
3595,South Korea,1998 Winter,Short Track Speed Skating Womens 3000 metres Relay,Gold
3604,South Korea,2006 Winter,Short Track Speed Skating Mens 500 metres,Bronze
3604,South Korea,2006 Winter,Short Track Speed Skating Mens 1000 metres,Gold
3604,South Korea,2006 Winter,Short Track Speed Skating Mens 1500 metres,Gold
3604,South Korea,2006 Winter,Short Track Speed Skating Mens 5000 metres Relay,Gold
3604,Russia,2014 Winter,Short Track Speed Skating Mens 500 metres,Gold
3604,Russia,2014 Winter,Short Track Speed Skating Mens 1000 metres,Gold
3604,Russia,2014 Winter,Short Track Speed Skating Mens 1500 metres,Bronze
3604,Russia,2014 Winter,Short Track Speed Skating Mens 5000 metres Relay,Gold
3608,South Korea,1984 Summer,Boxing Mens Welterweight,Silver
3610,China,1998 Winter,Short Track Speed Skating Mens 500 metres,Silver
3610,China,1998 Winter,Short Track Speed Skating Mens 5000 metres Relay,Bronze
3610,China,2002 Winter,Short Track Speed Skating Mens 5000 metres Relay,Bronze
3611,China,1996 Summer,Softball Womens Softball,Silver
3612,Brazil,1996 Summer,Volleyball Womens Volleyball,Bronze
3615,Brazil,1996 Summer,Volleyball Womens Volleyball,Bronze
3626,Canada-1,1964 Winter,Bobsleigh Mens Four,Gold
3632,Bulgaria,1980 Summer,Canoeing Mens Canadian Doubles 500 metres,Bronze
3635,Belarus,2000 Summer,Rhythmic Gymnastics Womens Group,Silver
3643,Italy,1992 Summer,Cycling Mens 100 kilometres Team Time Trial,Silver
3652,Yugoslavia,1980 Summer,Handball Womens Handball,Silver
3652,Yugoslavia,1984 Summer,Handball Womens Handball,Gold
3659,Croatia,2004 Summer,Tennis Mens Doubles,Bronze
3661,Netherlands,1952 Summer,Hockey Mens Hockey,Silver
3662,Poland,1972 Summer,Football Mens Football,Gold
3672,France,2016 Summer,Judo Womens Heavyweight,Gold
3673,Sweden,1948 Summer,Wrestling Mens Featherweight Greco-Roman,Silver
3673,Sweden,1952 Summer,Wrestling Mens Lightweight Freestyle,Gold
3676,Switzerland-1,2002 Winter,Bobsleigh Mens Two,Silver
3681,United States,1984 Summer,Hockey Womens Hockey,Bronze
3684,Denmark,1906 Summer,Football Mens Football,Gold
3686,Norway,1928 Winter,Ski Jumping Mens Normal Hill Individual,Gold
3687,Denmark,1908 Summer,Wrestling Mens Middleweight Greco-Roman,Bronze
3690,Denmark,1996 Summer,Handball Womens Handball,Gold
3691,Denmark,2016 Summer,Rowing Womens Coxless Pairs,Bronze
3692,Norway,1996 Summer,Football Womens Football,Bronze
3696,Denmark,1912 Summer,Gymnastics Mens Team All-Around Free System,Bronze
3701,Denmark,1996 Summer,Handball Womens Handball,Gold
3701,Denmark,2000 Summer,Handball Womens Handball,Gold
3702,Denmark,1906 Summer,Gymnastics Mens Team All-Around,Silver
3703,Norway,1900 Summer,Athletics Mens Pole Vault,Bronze
3703,Norway,1906 Summer,Gymnastics Mens Team All-Around,Gold
3703,Norway,1908 Summer,Gymnastics Mens Team All-Around,Silver
3705,Denmark,1920 Summer,Gymnastics Mens Team All-Around Free System,Gold
3706,Denmark,1948 Summer,Rowing Mens Coxed Pairs,Gold
3718,Denmark,1948 Summer,Canoeing Mens Kayak Singles 1000 metres,Silver
3720,Norway,1920 Summer,Wrestling Mens Lightweight Greco-Roman,Bronze
3725,Denmark,1948 Summer,Swimming Womens 100 metres Freestyle,Gold
3725,Denmark,1948 Summer,Swimming Womens 4 x 100 metres Freestyle Relay,Silver
3734,Norway,1952 Winter,Speed Skating Mens 1500 metres,Gold
3734,Norway,1952 Winter,Speed Skating Mens 5000 metres,Gold
3734,Norway,1952 Winter,Speed Skating Mens 10000 metres,Gold
3735,Denmark,1912 Summer,Gymnastics Mens Team All-Around Free System,Bronze
3749,Norway,1912 Summer,Gymnastics Mens Team All-Around Swedish System,Bronze
3749,Norway,1920 Summer,Gymnastics Mens Team All-Around Free System,Silver
3754,Norway,1988 Summer,Handball Womens Handball,Silver
3756,Denmark,2004 Summer,Handball Womens Handball,Gold
3761,Denmark,2008 Summer,Rowing Mens Lightweight Coxless Fours,Gold
3762,Denmark,1908 Summer,Football Mens Football,Silver
3765,Denmark,1912 Summer,Shooting Mens Free Rifle Three Positions 300 metres Team,Bronze
3767,Norway,1996 Summer,Football Womens Football,Bronze
3768,Finland,1928 Summer,Athletics Mens 3000 metres Steeplechase,Bronze
3771,Denmark,1912 Summer,Gymnastics Mens Team All-Around Swedish System,Silver
3773,Denmark,1960 Summer,Football Mens Football,Silver
3775,Norway,1936 Winter,Ski Jumping Mens Normal Hill Individual,Bronze
3782,Norway,1980 Winter,Speed Skating Mens 1500 metres,Bronze
3785,Denmark,1906 Summer,Football Mens Football,Gold
3788,Norway,1984 Summer,Athletics Womens Marathon,Silver
3789,Brazil,2008 Summer,Football Mens Football,Bronze
3790,Brazil,2004 Summer,Volleyball Mens Volleyball,Gold
3790,Brazil,2008 Summer,Volleyball Mens Volleyball,Silver
3792,United States,2012 Summer,Swimming Womens 4 x 200 metres Freestyle Relay,Gold
3793,United States,2000 Summer,Athletics Womens 4 x 400 metres Relay,Gold
3797,United States,2008 Summer,Baseball Mens Baseball,Bronze
3799,United States,1948 Summer,Equestrianism Mens Three-Day Event Team,Gold
3803,Australia,2004 Summer,Baseball Mens Baseball,Silver
3805,Australia,1952 Summer,Rowing Mens Coxed Eights,Bronze
3808,Canada,1960 Summer,Rowing Mens Coxed Eights,Silver
3815,United States,1964 Summer,Shooting Mens Free Rifle Three Positions 300 metres,Gold
3815,United States,1968 Summer,Shooting Mixed Free Rifle Three Positions 300 metres,Gold
3816,New Zealand,1992 Summer,Cycling Mens Individual Pursuit 4000 metres,Bronze
3820,United States,2012 Summer,Swimming Womens 10 kilometres Open Water,Silver
3823,United States,2014 Winter,Snowboarding Womens Slopestyle,Gold
3824,Canada,2010 Winter,Snowboarding Mens Parallel Giant Slalom,Gold
3828,United States,1932 Summer,Athletics Mens Discus Throw,Gold
3845,United States,2016 Summer,Volleyball Mens Volleyball,Bronze
3847,United States,1948 Summer,Diving Mens Springboard,Silver
3847,United States,1952 Summer,Diving Mens Springboard,Silver
3854,United States,1956 Summer,Weightlifting Mens Heavyweight,Gold
3862,United States,1928 Summer,Athletics Mens 110 metres Hurdles,Silver
3865,United States,1932 Winter,Ice Hockey Mens Ice Hockey,Silver
3869,United States,1956 Winter,Ice Hockey Mens Ice Hockey,Silver
3870,Canada,1908 Summer,Cycling Mens Team Pursuit 1980 yards,Bronze
3872,Great Britain,1924 Winter,Ice Hockey Mens Ice Hockey,Bronze
3874,United States,1988 Summer,Basketball Mens Basketball,Bronze
3880,Sweden,1984 Summer,Canoeing Womens Kayak Singles 500 metres,Gold
3880,Sweden,1984 Summer,Canoeing Womens Kayak Doubles 500 metres,Gold
3880,Sweden,1984 Summer,Canoeing Womens Kayak Fours 500 metres,Silver
3880,Sweden,1992 Summer,Canoeing Womens Kayak Doubles 500 metres,Silver
3880,Sweden,1992 Summer,Canoeing Womens Kayak Fours 500 metres,Bronze
3880,Sweden,1996 Summer,Canoeing Womens Kayak Doubles 500 metres,Gold
3880,Sweden,1996 Summer,Canoeing Womens Kayak Fours 500 metres,Bronze
3882,Sweden,1952 Winter,Ice Hockey Mens Ice Hockey,Bronze
3883,Sweden,1920 Summer,Gymnastics Mens Team All-Around Swedish System,Gold
3885,Sweden,1964 Winter,Ice Hockey Mens Ice Hockey,Silver
3887,Sweden,1920 Summer,Shooting Mens Free Pistol 50 metres Team,Silver
3889,Sweden,2002 Winter,Ice Hockey Womens Ice Hockey,Bronze
3890,Sweden,1920 Summer,Gymnastics Mens Team All-Around Swedish System,Gold
3891,Sweden,1912 Summer,Tug-Of-War Mens Tug-Of-War,Gold
3897,Sweden,1968 Winter,Cross Country Skiing Mens 4 x 10 kilometres Relay,Silver
3903,Sweden,2006 Winter,Ice Hockey Womens Ice Hockey,Silver
3912,Sweden,1920 Summer,Water Polo Mens Water Polo,Bronze
3914,Sweden,1984 Summer,Wrestling Mens Light-Heavyweight Greco-Roman,Bronze
3918,Sweden,1948 Summer,Wrestling Mens Welterweight Greco-Roman,Gold
3918,Sweden,1952 Summer,Wrestling Mens Welterweight Greco-Roman,Silver
3920,Sweden,2002 Winter,Ice Hockey Womens Ice Hockey,Bronze
3920,Sweden,2006 Winter,Ice Hockey Womens Ice Hockey,Silver
3925,Sweden,1912 Summer,Athletics Mens Cross-Country Individual,Silver
3925,Sweden,1912 Summer,Athletics Mens Cross-Country Team,Gold
3936,Sweden,2016 Summer,Football Womens Football,Silver
3939,Sweden,2012 Summer,Handball Mens Handball,Silver
3945,Sweden,1992 Winter,Biathlon Mens 4 x 7.5 kilometres Relay,Bronze
3951,Sweden,2006 Winter,Cross Country Skiing Womens Team Sprint,Gold
3954,Sweden,1992 Summer,Handball Mens Handball,Silver
3954,Sweden,1996 Summer,Handball Mens Handball,Silver
3954,Sweden,2000 Summer,Handball Mens Handball,Silver
3959,Sweden,2012 Summer,Handball Mens Handball,Silver
3960,Sweden,1908 Summer,Wrestling Mens Middleweight Greco-Roman,Silver
3964,Sweden,1988 Winter,Ice Hockey Mens Ice Hockey,Bronze
3977,Sweden,1988 Winter,Ice Hockey Mens Ice Hockey,Bronze
3978,Australia,1992 Summer,Canoeing Mens Kayak Fours 1000 metres,Bronze
3980,Sweden,1908 Summer,Water Polo Mens Water Polo,Bronze
3980,Sweden,1912 Summer,Water Polo Mens Water Polo,Silver
3980,Sweden,1920 Summer,Water Polo Mens Water Polo,Bronze
3981,Sweden,1992 Summer,Handball Mens Handball,Silver
3981,Sweden,1996 Summer,Handball Mens Handball,Silver
3986,Sweden,1952 Winter,Cross Country Skiing Mens 4 x 10 kilometres Relay,Bronze
3989,Sweden,1980 Winter,Ice Hockey Mens Ice Hockey,Bronze
3990,Sweden,1948 Summer,Football Mens Football,Gold
3993,Sweden,1936 Summer,Wrestling Mens Welterweight Freestyle,Silver
3995,Sweden,1928 Winter,Cross Country Skiing Mens 50 kilometres,Bronze
3996,Sweden,1912 Summer,Water Polo Mens Water Polo,Silver
3996,Sweden,1920 Summer,Water Polo Mens Water Polo,Bronze
3997,Sweden,1952 Winter,Ice Hockey Mens Ice Hockey,Bronze
3998,Sweden,1952 Winter,Ice Hockey Mens Ice Hockey,Bronze
4005,East Germany,1980 Winter,Cross Country Skiing Womens 4 x 5 kilometres Relay,Gold
4007,Soviet Union,1976 Summer,Wrestling Mens Super-Heavyweight Freestyle,Gold
4007,Soviet Union,1980 Summer,Wrestling Mens Super-Heavyweight Freestyle,Gold
4013,Japan,1976 Summer,Weightlifting Mens Bantamweight,Bronze
4014,Japan,2012 Summer,Football Womens Football,Silver
4018,Japan,2000 Summer,Softball Womens Softball,Silver
4021,Japan,2004 Summer,Baseball Mens Baseball,Bronze
4029,Argentina,1936 Summer,Polo Mens Polo,Gold
4030,Brazil,1988 Summer,Football Mens Football,Silver
4042,Uruguay,1924 Summer,Football Mens Football,Gold
4042,Uruguay,1928 Summer,Football Mens Football,Gold
4055,Brazil,1996 Summer,Football Mens Football,Bronze
4057,United States,1956 Summer,Modern Pentathlon Mens Team,Silver
4059,France,1908 Summer,Athletics Mens High Jump,Silver
4059,France,1920 Summer,Athletics Mens 4 x 400 metres Relay,Bronze
4060,France,1924 Winter,Curling Mens Curling,Bronze
4071,Brazil,1984 Summer,Football Mens Football,Silver
4083,United States,1964 Summer,Diving Mens Springboard,Bronze
4085,Norway,1998 Winter,Biathlon Womens 4 x 7.5 kilometres Relay,Bronze
4085,Norway,2002 Winter,Biathlon Womens 4 x 7.5 kilometres Relay,Silver
4087,Norway,1976 Summer,Rowing Mens Coxless Fours,Silver
4094,Italy,1984 Summer,Athletics Mens Shot Put,Gold
4100,Romania,1980 Summer,Wrestling Mens Heavyweight Greco-Roman,Bronze
4100,Romania,1984 Summer,Wrestling Mens Heavyweight Greco-Roman,Gold
4101,Brazil,2004 Summer,Football Womens Football,Silver
4101,Brazil,2008 Summer,Football Womens Football,Silver
4108,Italy,1920 Summer,Gymnastics Mens Team All-Around,Gold
4109,Italy,1964 Summer,Cycling Mens 100 kilometres Team Time Trial,Silver
4110,Switzerland,1928 Winter,Ice Hockey Mens Ice Hockey,Bronze
4111,Switzerland,1928 Winter,Ice Hockey Mens Ice Hockey,Bronze
4116,Greece,1896 Summer,Swimming Mens 1200 metres Freestyle,Silver
4121,Switzerland,1998 Winter,Curling Mens Curling,Gold
4124,Norway,1998 Winter,Biathlon Mens 10 kilometres Sprint,Silver
4124,Norway,2002 Winter,Biathlon Mens 4 x 7.5 kilometres Relay,Gold
4124,Norway,2006 Winter,Biathlon Mens 10 kilometres Sprint,Bronze
4145,Australia,1960 Summer,Swimming Womens 100 metres Butterfly,Bronze
4145,Australia,1960 Summer,Swimming Womens 4 x 100 metres Medley Relay,Silver
4153,United States,1904 Summer,Cycling Mens 5 mile,Bronze
4153,United States,1904 Summer,Cycling Mens 25 mile,Silver
4161,Great Britain,2014 Winter,Curling Mens Curling,Silver
4163,Australia,1996 Summer,Hockey Womens Hockey,Gold
4165,United States,1984 Summer,Swimming Womens 100 metres Backstroke,Gold
4165,United States,1984 Summer,Swimming Womens 4 x 100 metres Medley Relay,Gold
4166,Canada,1908 Summer,Cycling Mens Team Pursuit 1980 yards,Bronze
4168,Soviet Union,1952 Summer,Shooting Mens Small-Bore Rifle Three Positions 50 metres,Bronze
4168,Soviet Union,1952 Summer,Shooting Mens Small-Bore Rifle Prone 50 metres,Silver
4173,Soviet Union,1980 Summer,Football Mens Football,Bronze
4176,Soviet Union,1968 Summer,Basketball Mens Basketball,Bronze
4179,Russia,2000 Summer,Athletics Mens 20 kilometres Walk,Bronze
4187,Soviet Union,1980 Summer,Volleyball Womens Volleyball,Gold
4189,Greece,1896 Summer,Gymnastics Mens Rope Climbing,Gold
4198,Soviet Union,1972 Summer,Gymnastics Mens Team All-Around,Silver
4198,Soviet Union,1972 Summer,Gymnastics Mens Floor Exercise,Gold
4198,Soviet Union,1972 Summer,Gymnastics Mens Horse Vault,Bronze
4198,Soviet Union,1976 Summer,Gymnastics Mens Individual All-Around,Gold
4198,Soviet Union,1976 Summer,Gymnastics Mens Team All-Around,Silver
4198,Soviet Union,1976 Summer,Gymnastics Mens Floor Exercise,Gold
4198,Soviet Union,1976 Summer,Gymnastics Mens Horse Vault,Gold
4198,Soviet Union,1976 Summer,Gymnastics Mens Parallel Bars,Silver
4198,Soviet Union,1976 Summer,Gymnastics Mens Rings,Gold
4198,Soviet Union,1976 Summer,Gymnastics Mens Pommelled Horse,Bronze
4198,Soviet Union,1980 Summer,Gymnastics Mens Individual All-Around,Silver
4198,Soviet Union,1980 Summer,Gymnastics Mens Team All-Around,Gold
4198,Soviet Union,1980 Summer,Gymnastics Mens Floor Exercise,Silver
4198,Soviet Union,1980 Summer,Gymnastics Mens Horse Vault,Gold
4198,Soviet Union,1980 Summer,Gymnastics Mens Horizontal Bar,Bronze
4201,Soviet Union,1972 Summer,Football Mens Football,Bronze
4202,Yugoslavia,1984 Summer,Water Polo Mens Water Polo,Gold
4202,Yugoslavia,1988 Summer,Water Polo Mens Water Polo,Gold
4207,France,1996 Summer,Rowing Mens Coxless Pairs,Bronze
4207,France,2000 Summer,Rowing Mens Coxless Pairs,Gold
4209,Romania,1996 Summer,Canoeing Mens Canadian Doubles 500 metres,Bronze
4211,Ukraine,2012 Summer,Wrestling Mens Heavyweight Freestyle,Silver
4229,Czechoslovakia,1964 Summer,Rowing Mens Double Sculls,Bronze
4236,Austria,1928 Summer,Weightlifting Mens Featherweight,Gold
4240,Russia,2008 Summer,Handball Womens Handball,Silver
4242,Poland,1968 Summer,Fencing Mens epee Team,Bronze
4243,Poland,2008 Summer,Fencing Mens epee Team,Silver
4256,Italy,2006 Winter,Speed Skating Mens Team Pursuit (8 laps),Gold
4268,Argentina,1928 Summer,Fencing Mens Foil Team,Bronze
4284,Italy,1996 Summer,Water Polo Mens Water Polo,Bronze
4297,Bulgaria,1972 Summer,Boxing Mens Light-Welterweight,Silver
4304,Bulgaria,1972 Summer,Wrestling Mens Light-Flyweight Greco-Roman,Bronze
4304,Bulgaria,1976 Summer,Wrestling Mens Light-Flyweight Greco-Roman,Bronze
4305,Bulgaria,1980 Summer,Volleyball Mens Volleyball,Silver
4320,Germany,2008 Summer,Football Womens Football,Bronze
4321,West Germany,1980 Winter,Biathlon Mens 4 x 7.5 kilometres Relay,Bronze
4321,West Germany,1984 Winter,Biathlon Mens 10 kilometres Sprint,Silver
4321,West Germany,1984 Winter,Biathlon Mens 20 kilometres,Gold
4321,West Germany,1984 Winter,Biathlon Mens 4 x 7.5 kilometres Relay,Bronze
4321,West Germany,1988 Winter,Biathlon Mens 4 x 7.5 kilometres Relay,Silver
4322,Germany,2002 Winter,Cross Country Skiing Mens 4 x 10 kilometres Relay,Bronze
4322,Germany,2006 Winter,Cross Country Skiing Mens 15 kilometres,Bronze
4322,Germany,2006 Winter,Cross Country Skiing Mens 4 x 10 kilometres Relay,Silver
4322,Germany,2010 Winter,Cross Country Skiing Mens 30 km Skiathlon,Silver
4335,Italy,1964 Summer,Equestrianism Mixed Three-Day Event Team,Gold
4340,United States,1996 Summer,Wrestling Mens Heavyweight Freestyle,Gold
4341,Italy,1956 Summer,Fencing Mens epee Team,Gold
4348,Switzerland-1,1956 Winter,Bobsleigh Mens Four,Gold
4349,Switzerland-1,1956 Winter,Bobsleigh Mens Two,Bronze
4356,Spain,2000 Summer,Football Mens Football,Silver
4359,Hungary,1976 Summer,Handball Womens Handball,Bronze
4369,Nigeria,2008 Summer,Football Mens Football,Silver
4374,Russia,2000 Summer,Water Polo Womens Water Polo,Bronze
4375,Soviet Union,1956 Winter,Cross Country Skiing Mens 4 x 10 kilometres Relay,Gold
4375,Soviet Union,1960 Winter,Cross Country Skiing Mens 30 kilometres,Bronze
4375,Soviet Union,1960 Winter,Cross Country Skiing Mens 4 x 10 kilometres Relay,Bronze
4388,Soviet Union,1988 Summer,Handball Womens Handball,Bronze
4388,Unified Team,1992 Summer,Handball Womens Handball,Bronze
4390,Soviet Union,1976 Summer,Athletics Womens 100 metres Hurdles,Silver
4391,Soviet Union,1976 Summer,Athletics Womens 4 x 100 metres Relay,Bronze
4391,Soviet Union,1980 Summer,Athletics Womens 4 x 100 metres Relay,Silver
4392,France-1,1998 Winter,Figure Skating Mixed Ice Dancing,Bronze
4392,France-1,2002 Winter,Figure Skating Mixed Ice Dancing,Gold
4393,Romania,1988 Summer,Rowing Womens Coxed Fours,Bronze
4393,Romania,1988 Summer,Rowing Womens Coxed Eights,Silver
4400,East Germany,1976 Summer,Swimming Womens 100 metres Breaststroke,Gold
4400,East Germany,1976 Summer,Swimming Womens 4 x 100 metres Medley Relay,Gold
4405,Netherlands,1928 Summer,Hockey Mens Hockey,Silver
4410,Yugoslavia,1960 Summer,Football Mens Football,Gold
4418,Australia,1996 Summer,Hockey Womens Hockey,Gold
4418,Australia,2000 Summer,Hockey Womens Hockey,Gold
4423,Switzerland-2,2002 Winter,Bobsleigh Mens Two,Bronze
4423,Switzerland-1,2006 Winter,Bobsleigh Mens Two,Bronze
4423,Switzerland-1,2006 Winter,Bobsleigh Mens Four,Bronze
4432,Great Britain,1920 Summer,Swimming Mens 4 x 200 metres Freestyle Relay,Bronze
4435,Japan,2004 Summer,Judo Womens Half-Heavyweight,Gold
4436,Italy,1920 Summer,Rowing Mens Double Sculls,Silver
4447,Russia,2016 Summer,Canoeing Mens Kayak Singles 1000 metres,Bronze
4449,Iran,2012 Summer,Weightlifting Mens Super-Heavyweight,Silver
4450,Soviet Union,1976 Summer,Handball Mens Handball,Gold
4450,Soviet Union,1980 Summer,Handball Mens Handball,Silver
4452,France,1952 Summer,Cycling Mens Road Race Team,Bronze
4457,Germany,2006 Winter,Speed Skating Womens Team Pursuit (6 laps),Gold
4457,Germany,2010 Winter,Speed Skating Womens Team Pursuit (6 laps),Gold
4460,Italy,1924 Summer,Fencing Mens Sabre Team,Gold
4460,Italy,1928 Summer,Fencing Mens Sabre Team,Silver
4460,Italy,1932 Summer,Fencing Mens Sabre Team,Silver
4462,Switzerland,2000 Summer,Shooting Mens Rapid-Fire Pistol 25 metres,Silver
4466,Great Britain,2016 Summer,Hockey Womens Hockey,Gold
4471,Belgium,1912 Summer,Fencing Mens epee Team,Gold
4472,Belgium,1908 Summer,Fencing Mens epee Team,Bronze
4472,Belgium,1912 Summer,Fencing Mens epee Individual,Gold
4472,Belgium,1912 Summer,Fencing Mens epee Team,Gold
4472,Belgium,1920 Summer,Fencing Mens epee Team,Silver
4472,Belgium,1924 Summer,Fencing Mens epee Team,Silver
4478,Canada,2002 Winter,Ice Hockey Womens Ice Hockey,Gold
4484,Hungary,1952 Summer,Water Polo Mens Water Polo,Gold
4487,Hungary,1964 Summer,Athletics Womens Javelin Throw,Silver
4491,Poland,1976 Summer,Handball Mens Handball,Bronze
4503,France,2010 Winter,Snowboarding Womens Boardercross,Silver
4505,United States,2004 Summer,Basketball Mens Basketball,Bronze
4505,United States,2008 Summer,Basketball Mens Basketball,Gold
4505,United States,2012 Summer,Basketball Mens Basketball,Gold
4505,United States,2016 Summer,Basketball Mens Basketball,Gold
4508,Belgium,1928 Summer,Rowing Mens Coxed Pairs,Bronze
4512,Guyana,1980 Summer,Boxing Mens Bantamweight,Bronze
4515,United States,2004 Summer,Shooting Mens Small-Bore Rifle Three Positions 50 metres,Silver
4517,Italy,1988 Summer,Athletics Mens 10000 metres,Silver
4518,India,1960 Summer,Hockey Mens Hockey,Silver
4519,Yugoslavia,1956 Summer,Football Mens Football,Silver
4531,Poland,1948 Summer,Boxing Mens Featherweight,Bronze
4531,Poland,1952 Summer,Boxing Mens Lightweight,Silver
4538,United States,2014 Winter,Skeleton Mens Skeleton,Bronze
4561,Australia,1992 Summer,Rowing Mens Double Sculls,Gold
4563,Poland,1928 Summer,Equestrianism Mens Jumping Team,Silver
4563,Poland,1928 Summer,Equestrianism Mens Three-Day Event Team,Bronze
4564,Yugoslavia,1928 Summer,Gymnastics Mens Team All-Around,Bronze
4568,Italy,2002 Winter,Short Track Speed Skating Mens 5000 metres Relay,Silver
4569,Argentina,2000 Summer,Hockey Womens Hockey,Silver
4569,Argentina,2004 Summer,Hockey Womens Hockey,Bronze
4575,Italy,2016 Summer,Volleyball Mens Volleyball,Silver
4577,Russia,2012 Summer,Basketball Mens Basketball,Bronze
4579,Russia,2014 Winter,Luge Mixed Team Relay,Silver
4581,Soviet Union,1988 Summer,Volleyball Mens Volleyball,Silver
4585,Ukraine,2008 Summer,Athletics Womens Discus Throw,Bronze
4587,Soviet Union,1976 Summer,Rowing Womens Single Sculls,Bronze
4590,Sweden,1948 Summer,Wrestling Mens Heavyweight Freestyle,Silver
4590,Sweden,1952 Summer,Wrestling Mens Heavyweight Freestyle,Silver
4591,Sweden,1960 Summer,Wrestling Mens Middleweight Freestyle,Bronze
4602,Soviet Union,1968 Summer,Volleyball Mens Volleyball,Gold
4604,Soviet Union,1964 Winter,Speed Skating Mens 1500 metres,Gold
4607,Finland,1920 Summer,Wrestling Mens Lightweight Freestyle,Gold
4607,Finland,1924 Summer,Wrestling Mens Featherweight Greco-Roman,Gold
4613,Russia,2004 Summer,Athletics Womens 400 metres,Bronze
4613,Russia,2004 Summer,Athletics Womens 4 x 400 metres Relay,Silver
4613,Russia,2012 Summer,Athletics Womens 400 metres Hurdles,Gold
4613,Russia,2012 Summer,Athletics Womens 4 x 400 metres Relay,Silver
4617,Soviet Union,1952 Summer,Athletics Mens 10000 metres,Bronze
4626,Pakistan,1964 Summer,Hockey Mens Hockey,Silver
4626,Pakistan,1968 Summer,Hockey Mens Hockey,Gold
4626,Pakistan,1972 Summer,Hockey Mens Hockey,Silver
4644,Japan,1972 Winter,Ski Jumping Mens Normal Hill Individual,Bronze
4651,Japan,1972 Summer,Swimming Womens 100 metres Butterfly,Gold
4667,Morocco,1984 Summer,Athletics Mens 5000 metres,Gold
4667,Morocco,1988 Summer,Athletics Mens 800 metres,Bronze
4674,Turkey,2004 Summer,Athletics Mens Hammer Throw,Bronze
4675,Russia,2012 Summer,Volleyball Mens Volleyball,Gold
4676,Nigeria,2008 Summer,Football Mens Football,Silver
4677,Soviet Union,1988 Summer,Water Polo Mens Water Polo,Bronze
4677,Unified Team,1992 Summer,Water Polo Mens Water Polo,Bronze
4685,Germany,1998 Winter,Biathlon Womens 7.5 kilometres Sprint,Bronze
4685,Germany,1998 Winter,Biathlon Womens 4 x 7.5 kilometres Relay,Gold
4685,Germany,2002 Winter,Biathlon Womens 4 x 7.5 kilometres Relay,Gold
4685,Germany,2006 Winter,Biathlon Womens 4 x 6 kilometres Relay,Silver
4686,Norway,1992 Winter,Nordic Combined Mens Team,Silver
4686,Norway,1994 Winter,Nordic Combined Mens Team,Silver
4688,France,1928 Summer,Boxing Mens Flyweight,Silver
4700,Romania,1980 Summer,Rowing Womens Coxed Eights,Bronze
4701,Romania,1984 Summer,Rowing Womens Coxed Fours,Gold
4710,Bulgaria,1972 Summer,Wrestling Mens Lightweight Greco-Roman,Silver
4717,West Germany,1984 Summer,Hockey Womens Hockey,Silver
4720,Netherlands,2000 Summer,Rowing Womens Coxed Eights,Silver
4724,Sweden,2016 Summer,Football Womens Football,Silver
4728,Austria-1,1992 Winter,Bobsleigh Mens Four,Gold
4736,Great Britain,1912 Summer,Athletics Mens 200 metres,Bronze
4736,Great Britain,1912 Summer,Athletics Mens 4 x 100 metres Relay,Gold
4737,United States,1928 Summer,Wrestling Mens Welterweight Freestyle,Silver
4742,Canada,2006 Winter,Ice Hockey Womens Ice Hockey,Gold
4742,Canada,2010 Winter,Ice Hockey Womens Ice Hockey,Gold
4742,Canada,2014 Winter,Ice Hockey Womens Ice Hockey,Gold
4750,Soviet Union,1988 Summer,Fencing Mens Foil Team,Gold
4757,Mexico,2012 Summer,Football Mens Football,Gold
4763,Turkey,2004 Summer,Weightlifting Mens Middleweight,Bronze
4766,France,1964 Summer,Fencing Mens Sabre Individual,Silver
4767,Spain,1920 Summer,Football Mens Football,Silver
4771,Israel,1992 Summer,Judo Womens Half-Middleweight,Silver
4772,Hungary,1912 Summer,Gymnastics Mens Team All-Around,Silver
4779,Cuba,2004 Summer,Boxing Mens Welterweight,Silver
4780,Cuba,2000 Summer,Baseball Mens Baseball,Silver
4782,Japan,2016 Summer,Athletics Mens 50 kilometres Walk,Bronze
4784,Japan,1976 Summer,Wrestling Mens Bantamweight Freestyle,Bronze
4785,Japan,1928 Summer,Swimming Mens 4 x 200 metres Freestyle Relay,Silver
4789,Japan,1936 Summer,Swimming Mens 100 metres Freestyle,Bronze
4789,Japan,1936 Summer,Swimming Mens 4 x 200 metres Freestyle Relay,Gold
4799,Japan,2006 Winter,Figure Skating Womens Singles,Gold
4801,Japan,2012 Summer,Volleyball Womens Volleyball,Bronze
4808,Japan,1976 Summer,Volleyball Womens Volleyball,Gold
4841,Spain,2000 Summer,Football Mens Football,Silver
4842,France,1924 Summer,Rugby Mens Rugby,Silver
4847,Yugoslavia,1988 Summer,Basketball Mens Basketball,Silver
4847,Croatia,1992 Summer,Basketball Mens Basketball,Silver
4858,Soviet Union,1980 Summer,Wrestling Mens Middleweight Freestyle,Silver
4859,Brazil,2012 Summer,Boxing Womens Lightweight,Bronze
4860,Italy,2004 Summer,Water Polo Womens Water Polo,Gold
4876,Romania,1980 Summer,Rowing Womens Coxed Eights,Bronze
4876,Romania,1984 Summer,Rowing Womens Coxless Pairs,Gold
4876,Romania,1988 Summer,Rowing Womens Coxless Pairs,Gold
4876,Romania,1988 Summer,Rowing Womens Coxed Eights,Silver
4891,Spain,2008 Summer,Hockey Mens Hockey,Silver
4892,Spain,1980 Summer,Hockey Mens Hockey,Silver
4893,Spain,1980 Summer,Hockey Mens Hockey,Silver
4897,Yugoslavia,1988 Summer,Basketball Womens Basketball,Silver
4909,Spain,1984 Summer,Basketball Mens Basketball,Silver
4914,France,1900 Summer,Equestrianism Mixed Hacks And Hunter Combined,Silver
4919,Great Britain,1948 Summer,Athletics Mens 4 x 100 metres Relay,Silver
4920,Great Britain,1936 Winter,Ice Hockey Mens Ice Hockey,Gold
4921,Great Britain-2,2000 Summer,Badminton Mixed Doubles,Bronze
4924,Canada,1992 Winter,Ice Hockey Mens Ice Hockey,Silver
4925,Canada,1908 Summer,Athletics Mens Pole Vault,Bronze
4926,New Zealand,1976 Summer,Hockey Mens Hockey,Gold
4928,Great Britain,2016 Summer,Cycling Womens Team Pursuit,Gold
4936,Italy,1976 Summer,Fencing Mens Sabre Team,Silver
4936,Italy,1984 Summer,Fencing Mens Sabre Team,Gold
4951,Great Britain,1964 Summer,Athletics Womens 4 x 100 metres Relay,Bronze
4968,Italy,1948 Summer,Water Polo Mens Water Polo,Gold
4968,Italy,1952 Summer,Water Polo Mens Water Polo,Bronze
4977,Cuba,2004 Summer,Judo Mens Half-Lightweight,Bronze
4977,Cuba,2008 Summer,Judo Mens Half-Lightweight,Bronze
4978,Germany,1936 Summer,Rowing Mens Coxed Pairs,Gold
5002,Belgium,1920 Summer,Gymnastics Mens Team All-Around Swedish System,Bronze
5018,Italy,1964 Summer,Equestrianism Mixed Three-Day Event Team,Gold
5018,Italy,1972 Summer,Equestrianism Mixed Three-Day Event Individual,Silver
5023,Cuba,2016 Summer,Boxing Mens Light-Flyweight,Bronze
5027,United States,1932 Summer,Equestrianism Mens Three-Day Event Team,Gold
5040,Indonesia-1,1996 Summer,Badminton Mens Doubles,Bronze
5058,United States,1920 Summer,Shooting Mens Trap,Gold
5058,United States,1920 Summer,Shooting Mens Trap Team,Gold
5060,Italy,1960 Summer,Cycling Mens Team Pursuit 4000 metres,Gold
5069,Japan,1992 Summer,Athletics Womens Marathon,Silver
5069,Japan,1996 Summer,Athletics Womens Marathon,Bronze
5074,Belarus,2004 Summer,Boxing Mens Light-Heavyweight,Silver
5077,Uruguay,1924 Summer,Football Mens Football,Gold
5077,Uruguay,1928 Summer,Football Mens Football,Gold
5093,Brazil,2016 Summer,Volleyball Mens Volleyball,Gold
5102,Russia,2004 Summer,Basketball Womens Basketball,Bronze
5106,Soviet Union,1980 Summer,Athletics Mens 400 metres Hurdles,Silver
5117,Germany-1,2014 Winter,Luge Mixed (Men)s Doubles,Gold
5117,Germany,2014 Winter,Luge Mixed Team Relay,Gold
5125,Italy-1,1968 Winter,Bobsleigh Mens Four,Gold
5128,Romania,1924 Summer,Rugby Mens Rugby,Bronze
5129,Romania,1984 Summer,Rowing Womens Coxed Eights,Silver
5129,Romania,1988 Summer,Rowing Womens Coxed Fours,Bronze
5129,Romania,1988 Summer,Rowing Womens Coxed Eights,Silver
5130,Canada,1984 Summer,Rowing Womens Coxed Fours,Silver
5143,Great Britain,1952 Summer,Athletics Womens 4 x 100 metres Relay,Bronze
5143,Great Britain,1956 Summer,Athletics Womens 4 x 100 metres Relay,Silver
5144,Great Britain,2012 Summer,Cycling Womens Road Race Individual,Silver
5149,United States,1984 Summer,Athletics Mens 4 x 400 metres Relay,Gold
5150,Trinidad and Tobago,2008 Summer,Athletics Mens 4 x 100 metres Relay,Gold
5152,United States,2008 Summer,Water Polo Womens Water Polo,Silver
5152,United States,2012 Summer,Water Polo Womens Water Polo,Gold
5153,Vesper Boat Club,1904 Summer,Rowing Mens Coxed Eights,Gold
5156,United States,1984 Winter,Alpine Skiing Womens Giant Slalom,Gold
5158,Australia,1988 Summer,Swimming Mens 200 metres Freestyle,Gold
5158,Australia,1988 Summer,Swimming Mens 400 metres Freestyle,Silver
5159,Canada,2008 Summer,Athletics Mens Shot Put,Bronze
5160,Great Britain,1920 Summer,Diving Womens Plain High,Silver
5165,Australia,1948 Summer,Wrestling Mens Heavyweight Freestyle,Bronze
5167,United States,2008 Summer,Cycling Womens Individual Time Trial,Gold
5167,United States,2012 Summer,Cycling Womens Individual Time Trial,Gold
5167,United States,2016 Summer,Cycling Womens Individual Time Trial,Gold
5173,United States,1976 Summer,Basketball Mens Basketball,Gold
5186,Spain,1996 Summer,Hockey Mens Hockey,Silver
5187,Spain,1996 Summer,Hockey Mens Hockey,Silver
5192,Yugoslavia,1984 Summer,Handball Mens Handball,Gold
5196,Germany,1956 Summer,Rowing Mens Coxed Pairs,Silver
5198,Germany,1996 Summer,Cycling Womens Individual Pursuit 3000 metres,Bronze
5198,Germany,2004 Summer,Cycling Womens Road Race Individual,Silver
5198,Germany,2012 Summer,Cycling Womens Individual Time Trial,Silver
5202,Denmark,1948 Summer,Swimming Womens 4 x 100 metres Freestyle Relay,Silver
5206,Soviet Union,1976 Summer,Rowing Mens Coxless Fours,Bronze
5212,United States,1960 Summer,Basketball Mens Basketball,Gold
5214,Ludwigshafener Ruderverein,1912 Summer,Rowing Mens Coxed Fours Outriggers,Gold
5218,Germany,2004 Summer,Hockey Mens Hockey,Bronze
5219,Canada,1956 Summer,Rowing Mens Coxless Fours,Gold
5219,Canada,1960 Summer,Rowing Mens Coxed Eights,Silver
5224,Germany,1906 Summer,Cycling Mens Tandem Sprint 2000 metres,Bronze
5232,Great Britain-1,1924 Winter,Bobsleigh Mens Four/Five,Silver
5233,France,2008 Summer,Archery Womens Team,Bronze
5242,France,1928 Summer,Weightlifting Mens Lightweight,Bronze
5245,Norway,2016 Summer,Handball Womens Handball,Bronze
5256,Sweden,1956 Summer,Rowing Mens Coxed Fours,Silver
5275,Spain,1920 Summer,Football Mens Football,Silver
5286,Uruguay,1928 Summer,Football Mens Football,Gold
5288,Spain,1992 Summer,Tennis Mens Singles,Silver
5290,Italy,1920 Summer,Athletics Mens Marathon,Bronze
5298,United States,2008 Summer,Baseball Mens Baseball,Bronze
5304,Cuba,1992 Summer,Baseball Mens Baseball,Gold
5306,France,2004 Summer,Athletics Womens 4 x 100 metres Relay,Bronze
5307,Argentina,2000 Summer,Hockey Womens Hockey,Silver
5307,Argentina,2004 Summer,Hockey Womens Hockey,Bronze
5325,Chile,2000 Summer,Football Mens Football,Bronze
5327,Soviet Union,1988 Summer,Weightlifting Mens Light-Heavyweight,Gold
5331,United States,2000 Summer,Swimming Womens 4 x 200 metres Freestyle Relay,Gold
5342,Yugoslavia,1972 Summer,Handball Mens Handball,Gold
5353,Unified Team,1992 Summer,Volleyball Womens Volleyball,Silver
5353,Russia,2000 Summer,Volleyball Womens Volleyball,Silver
5353,Russia,2004 Summer,Volleyball Womens Volleyball,Silver
5355,Kazakhstan,2004 Summer,Boxing Mens Welterweight,Gold
5363,United States,2008 Summer,Gymnastics Mens Team All-Around,Bronze
5366,Russia,2004 Summer,Basketball Womens Basketball,Bronze
5373,South Africa,1948 Summer,Boxing Mens Heavyweight,Bronze
5380,France,1948 Summer,Fencing Mens epee Team,Gold
5388,Spain,1920 Summer,Football Mens Football,Silver
5391,Turkey,2004 Summer,Weightlifting Mens Bantamweight,Bronze
5396,Soviet Union,1988 Summer,Gymnastics Mens Individual All-Around,Gold
5396,Soviet Union,1988 Summer,Gymnastics Mens Team All-Around,Gold
5396,Soviet Union,1988 Summer,Gymnastics Mens Floor Exercise,Silver
5396,Soviet Union,1988 Summer,Gymnastics Mens Parallel Bars,Gold
5396,Soviet Union,1988 Summer,Gymnastics Mens Horizontal Bar,Gold
5414,Armenia,2016 Summer,Wrestling Mens Welterweight Greco-Roman,Silver
5426,Sweden,1980 Summer,Swimming Mens 100 metres Butterfly,Gold
5427,Sweden,1908 Summer,Shooting Mens Free Rifle Three Positions 300 metres Team,Silver
5427,Sweden,1912 Summer,Shooting Mens Running Target Single Shot Team,Gold
5430,Sweden,1968 Winter,Biathlon Mens 4 x 7.5 kilometres Relay,Bronze
5430,Sweden,1972 Winter,Biathlon Mens 20 kilometres,Bronze
5432,Belarus,2008 Summer,Weightlifting Mens Heavyweight,Gold
5436,Ghana,1992 Summer,Football Mens Football,Bronze
5441,Soviet Union,1976 Summer,Basketball Mens Basketball,Bronze
5446,Soviet Union,1972 Summer,Athletics Mens 800 metres,Silver
5447,Unified Team,1992 Summer,Archery Womens Team,Bronze
5451,Japan,2010 Winter,Figure Skating Womens Singles,Silver
5453,Lithuania,2012 Summer,Modern Pentathlon Womens Individual,Gold
5456,Japan,2008 Summer,Athletics Mens 4 x 100 metres Relay,Silver
5466,Georgia,2000 Summer,Weightlifting Mens Light-Heavyweight,Bronze
5466,Georgia,2004 Summer,Weightlifting Mens Light-Heavyweight,Gold
5467,United States,1988 Summer,Judo Mens Extra-Lightweight,Silver
5478,Ghana,1992 Summer,Football Mens Football,Bronze
5482,Kenya,1968 Summer,Athletics Mens 4 x 400 metres Relay,Silver
5482,Kenya,1972 Summer,Athletics Mens 4 x 400 metres Relay,Gold
5483,Soviet Union,1964 Summer,Fencing Mens Sabre Team,Gold
5488,Sweden,1908 Summer,Gymnastics Mens Team All-Around,Gold
5488,Sweden,1912 Summer,Modern Pentathlon Mens Individual,Silver
5493,United States,1972 Summer,Water Polo Mens Water Polo,Bronze
5496,East Germany,1976 Winter,Ski Jumping Mens Normal Hill Individual,Gold
5499,Austria,1988 Winter,Nordic Combined Mens Team,Bronze
5500,Switzerland,2008 Summer,Judo Mens Middleweight,Bronze
5505,Finland,1996 Summer,Wrestling Mens Welterweight Greco-Roman,Silver
5520,Iceland,2008 Summer,Handball Mens Handball,Silver
5521,Pakistan,1972 Summer,Hockey Mens Hockey,Silver
5521,Pakistan,1976 Summer,Hockey Mens Hockey,Bronze
5527,United States,1904 Summer,Athletics Mens 110 metres Hurdles,Bronze
5538,Great Britain,1900 Summer,Rowing Mens Single Sculls,Bronze
5540,United States,1952 Summer,Athletics Mens 3000 metres Steeplechase,Gold
5542,Great Britain,2016 Summer,Athletics Womens 4 x 100 metres Relay,Bronze
5547,United States,1984 Summer,Athletics Womens 100 metres,Gold
5547,United States,1984 Summer,Athletics Womens 4 x 100 metres Relay,Gold
5547,United States,1988 Summer,Athletics Womens 100 metres,Silver
5547,United States,1988 Summer,Athletics Womens 4 x 100 metres Relay,Gold
5547,United States,1992 Summer,Athletics Womens 4 x 100 metres Relay,Gold
5561,Jamaica,2016 Summer,Athletics Mens 4 x 100 metres Relay,Gold
5575,Soviet Union,1972 Summer,Wrestling Mens Lightweight Freestyle,Bronze
5577,Australia,2016 Summer,Swimming Womens 4 x 200 metres Freestyle Relay,Silver
5578,United States,1964 Summer,Athletics Mens 4 x 100 metres Relay,Gold
5579,United States,1960 Winter,Speed Skating Womens 500 metres,Bronze
5584,Finland,1912 Summer,Wrestling Mens Middleweight A Greco-Roman,Bronze
5588,Greece,2004 Summer,Water Polo Womens Water Polo,Silver
5591,Italy,1920 Summer,Equestrianism Mens Jumping Team,Bronze
